item_id,category,prompt,image_A,image_B,annotator1,annotator2,notes
0,color,a blue banana and a green vase,/root/compbench_work/images/frozen_ebcol020/color/a blue banana and a green vase_000250.png,/root/compbench_work/images/frozen_current/color/a blue banana and a green vase_000250.png,,,
1,color,a blue cup and a brown elephant,/root/compbench_work/images/frozen_ebcol020/color/a blue cup and a brown elephant_001230.png,/root/compbench_work/images/frozen_current/color/a blue cup and a brown elephant_001230.png,,,
2,color,a white bathroom with a black and white shower curtain,/root/compbench_work/images/frozen_current/color/a white bathroom with a black and white shower curtain_002980.png,/root/compbench_work/images/frozen_ebcol020/color/a white bathroom with a black and white shower curtain_002980.png,,,
3,color,The man on the large black motorcycle has pink chaps.,/root/compbench_work/images/frozen_ebcol020/color/The man on the large black motorcycle has pink chaps._002900.png,/root/compbench_work/images/frozen_current/color/The man on the large black motorcycle has pink chaps._002900.png,,,
4,color,a blue banana and a green boat,/root/compbench_work/images/frozen_current/color/a blue banana and a green boat_000980.png,/root/compbench_work/images/frozen_ebcol020/color/a blue banana and a green boat_000980.png,,,
5,color,a red stop sign and a white line,/root/compbench_work/images/frozen_current/color/a red stop sign and a white line_001520.png,/root/compbench_work/images/frozen_ebcol020/color/a red stop sign and a white line_001520.png,,,
6,color,a red backpack and a blue orange,/root/compbench_work/images/frozen_ebcol020/color/a red backpack and a blue orange_000350.png,/root/compbench_work/images/frozen_current/color/a red backpack and a blue orange_000350.png,,,
7,color,a brown giraffe and a blue vase,/root/compbench_work/images/frozen_ebcol020/color/a brown giraffe and a blue vase_001110.png,/root/compbench_work/images/frozen_current/color/a brown giraffe and a blue vase_001110.png,,,
8,color,a red taxi and a yellow tire,/root/compbench_work/images/frozen_current/color/a red taxi and a yellow tire_002280.png,/root/compbench_work/images/frozen_ebcol020/color/a red taxi and a yellow tire_002280.png,,,
9,color,A bathroom with beige tile and a white toilet.,/root/compbench_work/images/frozen_ebcol020/color/A bathroom with beige tile and a white toilet._002410.png,/root/compbench_work/images/frozen_current/color/A bathroom with beige tile and a white toilet._002410.png,,,
10,color,a blue bowl and a brown elephant,/root/compbench_work/images/frozen_current/color/a blue bowl and a brown elephant_000320.png,/root/compbench_work/images/frozen_ebcol020/color/a blue bowl and a brown elephant_000320.png,,,
11,color,a blue cylinder and a red cube,/root/compbench_work/images/frozen_ebcol020/color/a blue cylinder and a red cube_002020.png,/root/compbench_work/images/frozen_current/color/a blue cylinder and a red cube_002020.png,,,
12,color,a purple apple and a red grape,/root/compbench_work/images/frozen_current/color/a purple apple and a red grape_001470.png,/root/compbench_work/images/frozen_ebcol020/color/a purple apple and a red grape_001470.png,,,
13,color,a green bench and a blue bowl,/root/compbench_work/images/frozen_current/color/a green bench and a blue bowl_000000.png,/root/compbench_work/images/frozen_ebcol020/color/a green bench and a blue bowl_000000.png,,,
14,color,a brown bowl and a blue horse,/root/compbench_work/images/frozen_current/color/a brown bowl and a blue horse_000840.png,/root/compbench_work/images/frozen_ebcol020/color/a brown bowl and a blue horse_000840.png,,,
15,color,a red cow and a brown suitcase,/root/compbench_work/images/frozen_current/color/a red cow and a brown suitcase_001140.png,/root/compbench_work/images/frozen_ebcol020/color/a red cow and a brown suitcase_001140.png,,,
16,color,A black motorcycle is parked on grey cobblestones.,/root/compbench_work/images/frozen_ebcol020/color/A black motorcycle is parked on grey cobblestones._002920.png,/root/compbench_work/images/frozen_current/color/A black motorcycle is parked on grey cobblestones._002920.png,,,
17,color,a red boat and a blue book,/root/compbench_work/images/frozen_current/color/a red boat and a blue book_001220.png,/root/compbench_work/images/frozen_ebcol020/color/a red boat and a blue book_001220.png,,,
18,color,A black and green tile bathroom with a black toilet and a yellow bucket on the floor.,/root/compbench_work/images/frozen_current/color/A black and green tile bathroom with a black toilet and a yellow bucket on the floor._002760.png,/root/compbench_work/images/frozen_ebcol020/color/A black and green tile bathroom with a black toilet and a yellow bucket on the floor._002760.png,,,
19,color,a brown banana and a green giraffe,/root/compbench_work/images/frozen_current/color/a brown banana and a green giraffe_001200.png,/root/compbench_work/images/frozen_ebcol020/color/a brown banana and a green giraffe_001200.png,,,
20,color,a blue backpack and a brown sheep,/root/compbench_work/images/frozen_current/color/a blue backpack and a brown sheep_000560.png,/root/compbench_work/images/frozen_ebcol020/color/a blue backpack and a brown sheep_000560.png,,,
21,color,a green banana and a brown bear,/root/compbench_work/images/frozen_current/color/a green banana and a brown bear_000930.png,/root/compbench_work/images/frozen_ebcol020/color/a green banana and a brown bear_000930.png,,,
22,color,a green apple and a black backpack,/root/compbench_work/images/frozen_ebcol020/color/a green apple and a black backpack_001310.png,/root/compbench_work/images/frozen_current/color/a green apple and a black backpack_001310.png,,,
23,color,a green grass and a yellow dandelion,/root/compbench_work/images/frozen_ebcol020/color/a green grass and a yellow dandelion_001710.png,/root/compbench_work/images/frozen_current/color/a green grass and a yellow dandelion_001710.png,,,
24,color,a gold clock and a red orange,/root/compbench_work/images/frozen_ebcol020/color/a gold clock and a red orange_000870.png,/root/compbench_work/images/frozen_current/color/a gold clock and a red orange_000870.png,,,
25,color,a blue horse and a brown vase,/root/compbench_work/images/frozen_current/color/a blue horse and a brown vase_000050.png,/root/compbench_work/images/frozen_ebcol020/color/a blue horse and a brown vase_000050.png,,,
26,color,a red orange and a brown sheep,/root/compbench_work/images/frozen_ebcol020/color/a red orange and a brown sheep_000120.png,/root/compbench_work/images/frozen_current/color/a red orange and a brown sheep_000120.png,,,
27,color,a brown cow and a red suitcase,/root/compbench_work/images/frozen_current/color/a brown cow and a red suitcase_001130.png,/root/compbench_work/images/frozen_ebcol020/color/a brown cow and a red suitcase_001130.png,,,
28,color,a blue backpack and a red car,/root/compbench_work/images/frozen_ebcol020/color/a blue backpack and a red car_001010.png,/root/compbench_work/images/frozen_current/color/a blue backpack and a red car_001010.png,,,
29,color,a white car and a red sheep,/root/compbench_work/images/frozen_current/color/a white car and a red sheep_001340.png,/root/compbench_work/images/frozen_ebcol020/color/a white car and a red sheep_001340.png,,,
30,color,a green banana and a brown dog,/root/compbench_work/images/frozen_ebcol020/color/a green banana and a brown dog_000140.png,/root/compbench_work/images/frozen_current/color/a green banana and a brown dog_000140.png,,,
31,color,A man in a gray jacket standing in a kitchen next to a black dog.,/root/compbench_work/images/frozen_ebcol020/color/A man in a gray jacket standing in a kitchen next to a black dog._002960.png,/root/compbench_work/images/frozen_current/color/A man in a gray jacket standing in a kitchen next to a black dog._002960.png,,,
32,color,A small bathroom with a small white toilet next to a brown sink.,/root/compbench_work/images/frozen_current/color/A small bathroom with a small white toilet next to a brown sink._002750.png,/root/compbench_work/images/frozen_ebcol020/color/A small bathroom with a small white toilet next to a brown sink._002750.png,,,
33,color,a blue train and a red vase,/root/compbench_work/images/frozen_current/color/a blue train and a red vase_001060.png,/root/compbench_work/images/frozen_ebcol020/color/a blue train and a red vase_001060.png,,,
34,color,a brown apple and a green horse,/root/compbench_work/images/frozen_ebcol020/color/a brown apple and a green horse_000230.png,/root/compbench_work/images/frozen_current/color/a brown apple and a green horse_000230.png,,,
35,color,a black cat and a gray mouse,/root/compbench_work/images/frozen_current/color/a black cat and a gray mouse_001730.png,/root/compbench_work/images/frozen_ebcol020/color/a black cat and a gray mouse_001730.png,,,
36,color,a green apple and a blue backpack,/root/compbench_work/images/frozen_current/color/a green apple and a blue backpack_000500.png,/root/compbench_work/images/frozen_ebcol020/color/a green apple and a blue backpack_000500.png,,,
37,color,a red backpack and a blue car,/root/compbench_work/images/frozen_ebcol020/color/a red backpack and a blue car_001020.png,/root/compbench_work/images/frozen_current/color/a red backpack and a blue car_001020.png,,,
38,color,A restroom features black and white checkered flooring and two toilets of which has a black seat and lid and the other a white seat and lid.,/root/compbench_work/images/frozen_current/color/A restroom features black and white checkered flooring and two toilets of which has a black seat and lid and the other a white seat and lid._002560.png,/root/compbench_work/images/frozen_ebcol020/color/A restroom features black and white checkered flooring and two toilets of which has a black seat and lid and the other a white seat and lid._002560.png,,,
39,color,a red giraffe and a brown train,/root/compbench_work/images/frozen_current/color/a red giraffe and a brown train_000800.png,/root/compbench_work/images/frozen_ebcol020/color/a red giraffe and a brown train_000800.png,,,
40,color,a red horse and a brown orange,/root/compbench_work/images/frozen_current/color/a red horse and a brown orange_000470.png,/root/compbench_work/images/frozen_ebcol020/color/a red horse and a brown orange_000470.png,,,
41,color,a red elephant and a brown suitcase,/root/compbench_work/images/frozen_current/color/a red elephant and a brown suitcase_000210.png,/root/compbench_work/images/frozen_ebcol020/color/a red elephant and a brown suitcase_000210.png,,,
42,color,a brown backpack and a blue sheep,/root/compbench_work/images/frozen_ebcol020/color/a brown backpack and a blue sheep_000570.png,/root/compbench_work/images/frozen_current/color/a brown backpack and a blue sheep_000570.png,,,
43,color,Two hot dogs sit on a green paper plate near a soda cup which are sitting on a white picnic table while a bike and a silver car are parked nearby.,/root/compbench_work/images/frozen_current/color/Two hot dogs sit on a green paper plate near a soda cup which are sitting on a white picnic table while a bike and a silver car are parked nearby._002550.png,/root/compbench_work/images/frozen_ebcol020/color/Two hot dogs sit on a green paper plate near a soda cup which are sitting on a white picnic table while a bike and a silver car are parked nearby._002550.png,,,
44,color,The white and yellow clock with a red roof reads 11:44.,/root/compbench_work/images/frozen_ebcol020/color/The white and yellow clock with a red roof reads 11:44._002940.png,/root/compbench_work/images/frozen_current/color/The white and yellow clock with a red roof reads 11:44._002940.png,,,
45,color,A traffic light with a smile green light above a red sign.,/root/compbench_work/images/frozen_ebcol020/color/A traffic light with a smile green light above a red sign._002880.png,/root/compbench_work/images/frozen_current/color/A traffic light with a smile green light above a red sign._002880.png,,,
46,color,a blue cup and a red orange,/root/compbench_work/images/frozen_ebcol020/color/a blue cup and a red orange_000670.png,/root/compbench_work/images/frozen_current/color/a blue cup and a red orange_000670.png,,,
47,color,a blue backpack and a red train,/root/compbench_work/images/frozen_current/color/a blue backpack and a red train_000850.png,/root/compbench_work/images/frozen_ebcol020/color/a blue backpack and a red train_000850.png,,,
48,color,a brown backpack and a blue giraffe,/root/compbench_work/images/frozen_current/color/a brown backpack and a blue giraffe_000590.png,/root/compbench_work/images/frozen_ebcol020/color/a brown backpack and a blue giraffe_000590.png,,,
49,color,a brown giraffe and a red train,/root/compbench_work/images/frozen_ebcol020/color/a brown giraffe and a red train_000790.png,/root/compbench_work/images/frozen_current/color/a brown giraffe and a red train_000790.png,,,
50,color,a white piano and a black bench,/root/compbench_work/images/frozen_ebcol020/color/a white piano and a black bench_001970.png,/root/compbench_work/images/frozen_current/color/a white piano and a black bench_001970.png,,,
51,color,A small white kitchen with brown wood floor.,/root/compbench_work/images/frozen_current/color/A small white kitchen with brown wood floor._002460.png,/root/compbench_work/images/frozen_ebcol020/color/A small white kitchen with brown wood floor._002460.png,,,
52,color,a red apple and a green suitcase,/root/compbench_work/images/frozen_ebcol020/color/a red apple and a green suitcase_000700.png,/root/compbench_work/images/frozen_current/color/a red apple and a green suitcase_000700.png,,,
53,color,a yellow taxi and a red tire,/root/compbench_work/images/frozen_ebcol020/color/a yellow taxi and a red tire_002270.png,/root/compbench_work/images/frozen_current/color/a yellow taxi and a red tire_002270.png,,,
54,color,Two hot dogs sit on a white paper plate near a soda cup which are sitting on a green picnic table while a bike and a silver car are parked nearby.,/root/compbench_work/images/frozen_current/color/Two hot dogs sit on a white paper plate near a soda cup which are sitting on a green picnic table while a bike and a silver car are parked nearby._002540.png,/root/compbench_work/images/frozen_ebcol020/color/Two hot dogs sit on a white paper plate near a soda cup which are sitting on a green picnic table while a bike and a silver car are parked nearby._002540.png,,,
55,color,a red backpack and a blue train,/root/compbench_work/images/frozen_current/color/a red backpack and a blue train_000860.png,/root/compbench_work/images/frozen_ebcol020/color/a red backpack and a blue train_000860.png,,,
56,color,A bathroom with white tile and a beige toilet.,/root/compbench_work/images/frozen_current/color/A bathroom with white tile and a beige toilet._002400.png,/root/compbench_work/images/frozen_ebcol020/color/A bathroom with white tile and a beige toilet._002400.png,,,
57,color,a blue cup and a green cell phone,/root/compbench_work/images/frozen_ebcol020/color/a blue cup and a green cell phone_001370.png,/root/compbench_work/images/frozen_current/color/a blue cup and a green cell phone_001370.png,,,
58,color,a green backpack and a blue banana,/root/compbench_work/images/frozen_ebcol020/color/a green backpack and a blue banana_000450.png,/root/compbench_work/images/frozen_current/color/a green backpack and a blue banana_000450.png,,,
59,color,a blue bowl and a brown horse,/root/compbench_work/images/frozen_ebcol020/color/a blue bowl and a brown horse_000830.png,/root/compbench_work/images/frozen_current/color/a blue bowl and a brown horse_000830.png,,,
60,color,a brown backpack and a blue bear,/root/compbench_work/images/frozen_current/color/a brown backpack and a blue bear_000270.png,/root/compbench_work/images/frozen_ebcol020/color/a brown backpack and a blue bear_000270.png,,,
61,color,a blue pen and a black ink,/root/compbench_work/images/frozen_ebcol020/color/a blue pen and a black ink_001690.png,/root/compbench_work/images/frozen_current/color/a blue pen and a black ink_001690.png,,,
62,color,a red rabbit and a yellow rat,/root/compbench_work/images/frozen_ebcol020/color/a red rabbit and a yellow rat_002350.png,/root/compbench_work/images/frozen_current/color/a red rabbit and a yellow rat_002350.png,,,
63,color,a green school bus and a red bag,/root/compbench_work/images/frozen_current/color/a green school bus and a red bag_002330.png,/root/compbench_work/images/frozen_ebcol020/color/a green school bus and a red bag_002330.png,,,
64,color,a yellow book and a red vase,/root/compbench_work/images/frozen_current/color/a yellow book and a red vase_001330.png,/root/compbench_work/images/frozen_ebcol020/color/a yellow book and a red vase_001330.png,,,
65,color,a brown horse and a blue vase,/root/compbench_work/images/frozen_ebcol020/color/a brown horse and a blue vase_000040.png,/root/compbench_work/images/frozen_current/color/a brown horse and a blue vase_000040.png,,,
66,color,a blue pencil and a yellow notebook,/root/compbench_work/images/frozen_ebcol020/color/a blue pencil and a yellow notebook_002110.png,/root/compbench_work/images/frozen_current/color/a blue pencil and a yellow notebook_002110.png,,,
67,color,a blue apple and a green backpack,/root/compbench_work/images/frozen_ebcol020/color/a blue apple and a green backpack_000510.png,/root/compbench_work/images/frozen_current/color/a blue apple and a green backpack_000510.png,,,
68,color,a blue car and a red cup,/root/compbench_work/images/frozen_ebcol020/color/a blue car and a red cup_001000.png,/root/compbench_work/images/frozen_current/color/a blue car and a red cup_001000.png,,,
69,color,a black white and gold vase sitting on a counter,/root/compbench_work/images/frozen_ebcol020/color/a black white and gold vase sitting on a counter_002450.png,/root/compbench_work/images/frozen_current/color/a black white and gold vase sitting on a counter_002450.png,,,
70,color,a blue bear and a brown vase,/root/compbench_work/images/frozen_current/color/a blue bear and a brown vase_000900.png,/root/compbench_work/images/frozen_ebcol020/color/a blue bear and a brown vase_000900.png,,,
71,color,a brown chair and a red elephant,/root/compbench_work/images/frozen_current/color/a brown chair and a red elephant_000490.png,/root/compbench_work/images/frozen_ebcol020/color/a brown chair and a red elephant_000490.png,,,
72,color,A black and white cat sits in a black sink.,/root/compbench_work/images/frozen_current/color/A black and white cat sits in a black sink._002710.png,/root/compbench_work/images/frozen_ebcol020/color/A black and white cat sits in a black sink._002710.png,,,
73,color,a blue bowl and a red train,/root/compbench_work/images/frozen_ebcol020/color/a blue bowl and a red train_000710.png,/root/compbench_work/images/frozen_current/color/a blue bowl and a red train_000710.png,,,
74,color,a yellow frog and a green fly,/root/compbench_work/images/frozen_current/color/a yellow frog and a green fly_001800.png,/root/compbench_work/images/frozen_ebcol020/color/a yellow frog and a green fly_001800.png,,,
75,color,a yellow pencil and a red eraser,/root/compbench_work/images/frozen_ebcol020/color/a yellow pencil and a red eraser_001810.png,/root/compbench_work/images/frozen_current/color/a yellow pencil and a red eraser_001810.png,,,
76,color,a green apple and a brown elephant,/root/compbench_work/images/frozen_current/color/a green apple and a brown elephant_000910.png,/root/compbench_work/images/frozen_ebcol020/color/a green apple and a brown elephant_000910.png,,,
77,color,a blue boat and a brown cat,/root/compbench_work/images/frozen_ebcol020/color/a blue boat and a brown cat_000950.png,/root/compbench_work/images/frozen_current/color/a blue boat and a brown cat_000950.png,,,
78,color,a red lipstick and a pink blush,/root/compbench_work/images/frozen_ebcol020/color/a red lipstick and a pink blush_002360.png,/root/compbench_work/images/frozen_current/color/a red lipstick and a pink blush_002360.png,,,
79,color,a yellow leaf and a green flower,/root/compbench_work/images/frozen_current/color/a yellow leaf and a green flower_001610.png,/root/compbench_work/images/frozen_ebcol020/color/a yellow leaf and a green flower_001610.png,,,
80,color,a brown banana and a green bear,/root/compbench_work/images/frozen_ebcol020/color/a brown banana and a green bear_000940.png,/root/compbench_work/images/frozen_current/color/a brown banana and a green bear_000940.png,,,
81,color,a red bench and a green orange,/root/compbench_work/images/frozen_current/color/a red bench and a green orange_000740.png,/root/compbench_work/images/frozen_ebcol020/color/a red bench and a green orange_000740.png,,,
82,color,a green tree and a brown grass,/root/compbench_work/images/frozen_ebcol020/color/a green tree and a brown grass_001860.png,/root/compbench_work/images/frozen_current/color/a green tree and a brown grass_001860.png,,,
83,color,a pink lipstick and a red blush,/root/compbench_work/images/frozen_ebcol020/color/a pink lipstick and a red blush_002370.png,/root/compbench_work/images/frozen_current/color/a pink lipstick and a red blush_002370.png,,,
84,color,a blue cake and a red suitcase,/root/compbench_work/images/frozen_current/color/a blue cake and a red suitcase_000180.png,/root/compbench_work/images/frozen_ebcol020/color/a blue cake and a red suitcase_000180.png,,,
85,color,Bathroom scene with white background and tan accents.,/root/compbench_work/images/frozen_ebcol020/color/Bathroom scene with white background and tan accents._002580.png,/root/compbench_work/images/frozen_current/color/Bathroom scene with white background and tan accents._002580.png,,,
86,color,a black cat and a brown mouse,/root/compbench_work/images/frozen_current/color/a black cat and a brown mouse_001540.png,/root/compbench_work/images/frozen_ebcol020/color/a black cat and a brown mouse_001540.png,,,
87,color,a green banana and a brown giraffe,/root/compbench_work/images/frozen_current/color/a green banana and a brown giraffe_001190.png,/root/compbench_work/images/frozen_ebcol020/color/a green banana and a brown giraffe_001190.png,,,
88,color,a brown bowl and a blue elephant,/root/compbench_work/images/frozen_current/color/a brown bowl and a blue elephant_000330.png,/root/compbench_work/images/frozen_ebcol020/color/a brown bowl and a blue elephant_000330.png,,,
89,color,a red apple and a green train,/root/compbench_work/images/frozen_current/color/a red apple and a green train_000780.png,/root/compbench_work/images/frozen_ebcol020/color/a red apple and a green train_000780.png,,,
90,color,a red cylinder and a blue cube,/root/compbench_work/images/frozen_ebcol020/color/a red cylinder and a blue cube_002010.png,/root/compbench_work/images/frozen_current/color/a red cylinder and a blue cube_002010.png,,,
91,color,a red backpack and a blue chair,/root/compbench_work/images/frozen_current/color/a red backpack and a blue chair_000370.png,/root/compbench_work/images/frozen_ebcol020/color/a red backpack and a blue chair_000370.png,,,
92,color,a green bench and a blue cake,/root/compbench_work/images/frozen_current/color/a green bench and a blue cake_000020.png,/root/compbench_work/images/frozen_ebcol020/color/a green bench and a blue cake_000020.png,,,
93,color,a black gold and white vase sitting on a counter,/root/compbench_work/images/frozen_current/color/a black gold and white vase sitting on a counter_002440.png,/root/compbench_work/images/frozen_ebcol020/color/a black gold and white vase sitting on a counter_002440.png,,,
94,color,a yellow rabbit and a red rat,/root/compbench_work/images/frozen_current/color/a yellow rabbit and a red rat_002340.png,/root/compbench_work/images/frozen_ebcol020/color/a yellow rabbit and a red rat_002340.png,,,
95,color,"Two toilet stall, one blue and the other orange.","/root/compbench_work/images/frozen_current/color/Two toilet stall, one blue and the other orange._002500.png","/root/compbench_work/images/frozen_ebcol020/color/Two toilet stall, one blue and the other orange._002500.png",,,
96,color,The man on the large pink motorcycle has black chaps.,/root/compbench_work/images/frozen_current/color/The man on the large pink motorcycle has black chaps._002910.png,/root/compbench_work/images/frozen_ebcol020/color/The man on the large pink motorcycle has black chaps._002910.png,,,
97,color,Many stoplights flash snow on a yellow covered street.,/root/compbench_work/images/frozen_ebcol020/color/Many stoplights flash snow on a yellow covered street._002810.png,/root/compbench_work/images/frozen_current/color/Many stoplights flash snow on a yellow covered street._002810.png,,,
98,color,a blue backpack and a red orange,/root/compbench_work/images/frozen_current/color/a blue backpack and a red orange_000340.png,/root/compbench_work/images/frozen_ebcol020/color/a blue backpack and a red orange_000340.png,,,
99,color,A blue scooter is parked near a curb in front of a green vintage car.,/root/compbench_work/images/frozen_ebcol020/color/A blue scooter is parked near a curb in front of a green vintage car._002820.png,/root/compbench_work/images/frozen_current/color/A blue scooter is parked near a curb in front of a green vintage car._002820.png,,,
100,color,a white dove and a black feather,/root/compbench_work/images/frozen_current/color/a white dove and a black feather_001480.png,/root/compbench_work/images/frozen_ebcol020/color/a white dove and a black feather_001480.png,,,
101,color,A green scooter is parked near a curb in front of a blue vintage car.,/root/compbench_work/images/frozen_ebcol020/color/A green scooter is parked near a curb in front of a blue vintage car._002830.png,/root/compbench_work/images/frozen_current/color/A green scooter is parked near a curb in front of a blue vintage car._002830.png,,,
102,color,a blue apple and a green cup,/root/compbench_work/images/frozen_ebcol020/color/a blue apple and a green cup_001160.png,/root/compbench_work/images/frozen_current/color/a blue apple and a green cup_001160.png,,,
103,color,a canary and a yellow bluebird,/root/compbench_work/images/frozen_current/color/a canary and a yellow bluebird_002050.png,/root/compbench_work/images/frozen_ebcol020/color/a canary and a yellow bluebird_002050.png,,,
104,color,a blue bag and a green water bottle,/root/compbench_work/images/frozen_ebcol020/color/a blue bag and a green water bottle_002380.png,/root/compbench_work/images/frozen_current/color/a blue bag and a green water bottle_002380.png,,,
105,color,"A dining area features a wood table and chairs, a brown refrigerator and light silver cabinets.","/root/compbench_work/images/frozen_current/color/A dining area features a wood table and chairs, a brown refrigerator and light silver cabinets._002850.png","/root/compbench_work/images/frozen_ebcol020/color/A dining area features a wood table and chairs, a brown refrigerator and light silver cabinets._002850.png",,,
106,color,a blue boat and a red suitcase,/root/compbench_work/images/frozen_current/color/a blue boat and a red suitcase_000810.png,/root/compbench_work/images/frozen_ebcol020/color/a blue boat and a red suitcase_000810.png,,,
107,color,a blue bench and a green bowl,/root/compbench_work/images/frozen_ebcol020/color/a blue bench and a green bowl_000010.png,/root/compbench_work/images/frozen_current/color/a blue bench and a green bowl_000010.png,,,
108,color,a yellow apple and red bananas,/root/compbench_work/images/frozen_current/color/a yellow apple and red bananas_001400.png,/root/compbench_work/images/frozen_ebcol020/color/a yellow apple and red bananas_001400.png,,,
109,color,"A dining area features a wood table and chairs, a silver refrigerator and light brown cabinets.","/root/compbench_work/images/frozen_current/color/A dining area features a wood table and chairs, a silver refrigerator and light brown cabinets._002840.png","/root/compbench_work/images/frozen_ebcol020/color/A dining area features a wood table and chairs, a silver refrigerator and light brown cabinets._002840.png",,,
110,color,a red cup and a blue orange,/root/compbench_work/images/frozen_ebcol020/color/a red cup and a blue orange_000680.png,/root/compbench_work/images/frozen_current/color/a red cup and a blue orange_000680.png,,,
111,color,a brown bear and a blue boat,/root/compbench_work/images/frozen_current/color/a brown bear and a blue boat_001270.png,/root/compbench_work/images/frozen_ebcol020/color/a brown bear and a blue boat_001270.png,,,
112,color,a white cat and a black paw,/root/compbench_work/images/frozen_ebcol020/color/a white cat and a black paw_001630.png,/root/compbench_work/images/frozen_current/color/a white cat and a black paw_001630.png,,,
113,color,a red train and a blue vase,/root/compbench_work/images/frozen_ebcol020/color/a red train and a blue vase_001050.png,/root/compbench_work/images/frozen_current/color/a red train and a blue vase_001050.png,,,
114,color,a red bear and a brown train,/root/compbench_work/images/frozen_ebcol020/color/a red bear and a brown train_002000.png,/root/compbench_work/images/frozen_current/color/a red bear and a brown train_002000.png,,,
115,color,a black piano and a white bench,/root/compbench_work/images/frozen_ebcol020/color/a black piano and a white bench_001980.png,/root/compbench_work/images/frozen_current/color/a black piano and a white bench_001980.png,,,
116,color,a red bear and a brown book,/root/compbench_work/images/frozen_current/color/a red bear and a brown book_000110.png,/root/compbench_work/images/frozen_ebcol020/color/a red bear and a brown book_000110.png,,,
117,color,a brown jacket and a black hat,/root/compbench_work/images/frozen_ebcol020/color/a brown jacket and a black hat_001990.png,/root/compbench_work/images/frozen_current/color/a brown jacket and a black hat_001990.png,,,
118,color,a green leaf and a yellow butterfly,/root/compbench_work/images/frozen_ebcol020/color/a green leaf and a yellow butterfly_001910.png,/root/compbench_work/images/frozen_current/color/a green leaf and a yellow butterfly_001910.png,,,
119,color,a blue sheep and a brown vase,/root/compbench_work/images/frozen_current/color/a blue sheep and a brown vase_000410.png,/root/compbench_work/images/frozen_ebcol020/color/a blue sheep and a brown vase_000410.png,,,
120,color,a stop sign and red white line,/root/compbench_work/images/frozen_ebcol020/color/a stop sign and red white line_001530.png,/root/compbench_work/images/frozen_current/color/a stop sign and red white line_001530.png,,,
121,color,a red chair and a brown elephant,/root/compbench_work/images/frozen_current/color/a red chair and a brown elephant_000480.png,/root/compbench_work/images/frozen_ebcol020/color/a red chair and a brown elephant_000480.png,,,
122,color,a red car and a blue cup,/root/compbench_work/images/frozen_current/color/a red car and a blue cup_000990.png,/root/compbench_work/images/frozen_ebcol020/color/a red car and a blue cup_000990.png,,,
123,color,a green snake and a brown log,/root/compbench_work/images/frozen_ebcol020/color/a green snake and a brown log_002080.png,/root/compbench_work/images/frozen_current/color/a green snake and a brown log_002080.png,,,
124,color,a blue backpack and a gold clock,/root/compbench_work/images/frozen_ebcol020/color/a blue backpack and a gold clock_000520.png,/root/compbench_work/images/frozen_current/color/a blue backpack and a gold clock_000520.png,,,
125,color,a gold backpack and a blue clock,/root/compbench_work/images/frozen_ebcol020/color/a gold backpack and a blue clock_000530.png,/root/compbench_work/images/frozen_current/color/a gold backpack and a blue clock_000530.png,,,
126,color,A white carpet in a bathroom with red fixtures.,/root/compbench_work/images/frozen_ebcol020/color/A white carpet in a bathroom with red fixtures._002790.png,/root/compbench_work/images/frozen_current/color/A white carpet in a bathroom with red fixtures._002790.png,,,
127,color,"two black sheep, a white goat and a white goat in a field","/root/compbench_work/images/frozen_ebcol020/color/two black sheep, a white goat and a white goat in a field_002690.png","/root/compbench_work/images/frozen_current/color/two black sheep, a white goat and a white goat in a field_002690.png",,,
128,color,a green apple and a red train,/root/compbench_work/images/frozen_ebcol020/color/a green apple and a red train_000770.png,/root/compbench_work/images/frozen_current/color/a green apple and a red train_000770.png,,,
129,color,a black bathroom with a black and white shower curtain,/root/compbench_work/images/frozen_current/color/a black bathroom with a black and white shower curtain_002990.png,/root/compbench_work/images/frozen_ebcol020/color/a black bathroom with a black and white shower curtain_002990.png,,,
130,color,a blue backpack and a green banana,/root/compbench_work/images/frozen_current/color/a blue backpack and a green banana_000440.png,/root/compbench_work/images/frozen_ebcol020/color/a blue backpack and a green banana_000440.png,,,
131,color,A small bathroom with a small brown toilet next to a white sink.,/root/compbench_work/images/frozen_current/color/A small bathroom with a small brown toilet next to a white sink._002740.png,/root/compbench_work/images/frozen_ebcol020/color/A small bathroom with a small brown toilet next to a white sink._002740.png,,,
132,color,a red apple and a purple grape,/root/compbench_work/images/frozen_current/color/a red apple and a purple grape_001460.png,/root/compbench_work/images/frozen_ebcol020/color/a red apple and a purple grape_001460.png,,,
133,color,a brown guitar and a black amplifier,/root/compbench_work/images/frozen_current/color/a brown guitar and a black amplifier_002210.png,/root/compbench_work/images/frozen_ebcol020/color/a brown guitar and a black amplifier_002210.png,,,
134,color,a white envelope and a blue stamp,/root/compbench_work/images/frozen_ebcol020/color/a white envelope and a blue stamp_002230.png,/root/compbench_work/images/frozen_current/color/a white envelope and a blue stamp_002230.png,,,
135,color,"Two toilet stall, one orange and the other blue.","/root/compbench_work/images/frozen_current/color/Two toilet stall, one orange and the other blue._002510.png","/root/compbench_work/images/frozen_ebcol020/color/Two toilet stall, one orange and the other blue._002510.png",,,
136,color,a blue snow and a white sled,/root/compbench_work/images/frozen_ebcol020/color/a blue snow and a white sled_001780.png,/root/compbench_work/images/frozen_current/color/a blue snow and a white sled_001780.png,,,
137,color,a green log and a brown moss,/root/compbench_work/images/frozen_current/color/a green log and a brown moss_002200.png,/root/compbench_work/images/frozen_ebcol020/color/a green log and a brown moss_002200.png,,,
138,color,a yellow pencil and a blue notebook,/root/compbench_work/images/frozen_ebcol020/color/a yellow pencil and a blue notebook_001590.png,/root/compbench_work/images/frozen_current/color/a yellow pencil and a blue notebook_001590.png,,,
139,color,a brown acorn and a green leaf,/root/compbench_work/images/frozen_current/color/a brown acorn and a green leaf_001500.png,/root/compbench_work/images/frozen_ebcol020/color/a brown acorn and a green leaf_001500.png,,,
140,color,a gold cat and a brown clock,/root/compbench_work/images/frozen_ebcol020/color/a gold cat and a brown clock_000430.png,/root/compbench_work/images/frozen_current/color/a gold cat and a brown clock_000430.png,,,
141,color,a red suitcase and a blue vase,/root/compbench_work/images/frozen_ebcol020/color/a red suitcase and a blue vase_000620.png,/root/compbench_work/images/frozen_current/color/a red suitcase and a blue vase_000620.png,,,
142,color,The white and red clock with a yellow roof reads 11:44.,/root/compbench_work/images/frozen_current/color/The white and red clock with a yellow roof reads 11:44._002950.png,/root/compbench_work/images/frozen_ebcol020/color/The white and red clock with a yellow roof reads 11:44._002950.png,,,
143,color,a red book and a blue cake,/root/compbench_work/images/frozen_ebcol020/color/a red book and a blue cake_000600.png,/root/compbench_work/images/frozen_current/color/a red book and a blue cake_000600.png,,,
144,color,a red hat and a black scarf,/root/compbench_work/images/frozen_current/color/a red hat and a black scarf_001420.png,/root/compbench_work/images/frozen_ebcol020/color/a red hat and a black scarf_001420.png,,,
145,color,a blue bird and a yellow canary,/root/compbench_work/images/frozen_ebcol020/color/a blue bird and a yellow canary_002040.png,/root/compbench_work/images/frozen_current/color/a blue bird and a yellow canary_002040.png,,,
146,color,a white snow and a blue sled,/root/compbench_work/images/frozen_ebcol020/color/a white snow and a blue sled_001770.png,/root/compbench_work/images/frozen_current/color/a white snow and a blue sled_001770.png,,,
147,color,A red carpet in a bathroom with white fixtures.,/root/compbench_work/images/frozen_ebcol020/color/A red carpet in a bathroom with white fixtures._002780.png,/root/compbench_work/images/frozen_current/color/A red carpet in a bathroom with white fixtures._002780.png,,,
148,color,a black squirrel and a brown nut,/root/compbench_work/images/frozen_ebcol020/color/a black squirrel and a brown nut_002160.png,/root/compbench_work/images/frozen_current/color/a black squirrel and a brown nut_002160.png,,,
149,color,a blue backpack and a brown giraffe,/root/compbench_work/images/frozen_ebcol020/color/a blue backpack and a brown giraffe_000580.png,/root/compbench_work/images/frozen_current/color/a blue backpack and a brown giraffe_000580.png,,,
150,color,a green rose and a blue tulip,/root/compbench_work/images/frozen_current/color/a green rose and a blue tulip_002310.png,/root/compbench_work/images/frozen_ebcol020/color/a green rose and a blue tulip_002310.png,,,
151,color,a blue bird and a brown bear,/root/compbench_work/images/frozen_current/color/a blue bird and a brown bear_001300.png,/root/compbench_work/images/frozen_ebcol020/color/a blue bird and a brown bear_001300.png,,,
152,color,a green leaf and a yellow flower,/root/compbench_work/images/frozen_current/color/a green leaf and a yellow flower_001600.png,/root/compbench_work/images/frozen_ebcol020/color/a green leaf and a yellow flower_001600.png,,,
153,color,a blue bicycle and a red helmet,/root/compbench_work/images/frozen_current/color/a blue bicycle and a red helmet_002250.png,/root/compbench_work/images/frozen_ebcol020/color/a blue bicycle and a red helmet_002250.png,,,
154,color,a black taxi and a yellow tire,/root/compbench_work/images/frozen_ebcol020/color/a black taxi and a yellow tire_002070.png,/root/compbench_work/images/frozen_current/color/a black taxi and a yellow tire_002070.png,,,
155,color,a black guitar and a brown amplifier,/root/compbench_work/images/frozen_current/color/a black guitar and a brown amplifier_002220.png,/root/compbench_work/images/frozen_ebcol020/color/a black guitar and a brown amplifier_002220.png,,,
156,color,a green apple and a brown horse,/root/compbench_work/images/frozen_ebcol020/color/a green apple and a brown horse_000220.png,/root/compbench_work/images/frozen_current/color/a green apple and a brown horse_000220.png,,,
157,color,a yellow pen and a blue highlighter,/root/compbench_work/images/frozen_current/color/a yellow pen and a blue highlighter_001570.png,/root/compbench_work/images/frozen_ebcol020/color/a yellow pen and a blue highlighter_001570.png,,,
158,color,a red car and a white sheep,/root/compbench_work/images/frozen_current/color/a red car and a white sheep_001290.png,/root/compbench_work/images/frozen_ebcol020/color/a red car and a white sheep_001290.png,,,
159,color,A woman in a pink shirt and jeans holds a white umbrella in the rain.,/root/compbench_work/images/frozen_current/color/A woman in a pink shirt and jeans holds a white umbrella in the rain._002730.png,/root/compbench_work/images/frozen_ebcol020/color/A woman in a pink shirt and jeans holds a white umbrella in the rain._002730.png,,,
160,color,"Kitchen scene, black counter top on one side, whitish on the other and grey sink with long neck faucet.","/root/compbench_work/images/frozen_ebcol020/color/Kitchen scene, black counter top on one side, whitish on the other and grey sink with long neck faucet._002490.png","/root/compbench_work/images/frozen_current/color/Kitchen scene, black counter top on one side, whitish on the other and grey sink with long neck faucet._002490.png",,,
161,color,"Bathroom scene, white commode and matching white sink on light brown tone tiled floor.","/root/compbench_work/images/frozen_current/color/Bathroom scene, white commode and matching white sink on light brown tone tiled floor._002860.png","/root/compbench_work/images/frozen_ebcol020/color/Bathroom scene, white commode and matching white sink on light brown tone tiled floor._002860.png",,,
162,color,a black hat and a red scarf,/root/compbench_work/images/frozen_ebcol020/color/a black hat and a red scarf_001410.png,/root/compbench_work/images/frozen_current/color/a black hat and a red scarf_001410.png,,,
163,color,"A tan bath tub sits empty in a white, clean bathroom.","/root/compbench_work/images/frozen_current/color/A tan bath tub sits empty in a white, clean bathroom._002670.png","/root/compbench_work/images/frozen_ebcol020/color/A tan bath tub sits empty in a white, clean bathroom._002670.png",,,
164,color,a red tomato and a yellow pepper,/root/compbench_work/images/frozen_current/color/a red tomato and a yellow pepper_001930.png,/root/compbench_work/images/frozen_ebcol020/color/a red tomato and a yellow pepper_001930.png,,,
165,color,a blue backpack and a brown cow,/root/compbench_work/images/frozen_ebcol020/color/a blue backpack and a brown cow_000060.png,/root/compbench_work/images/frozen_current/color/a blue backpack and a brown cow_000060.png,,,
166,color,a blue duck and a yellow pond,/root/compbench_work/images/frozen_ebcol020/color/a blue duck and a yellow pond_002120.png,/root/compbench_work/images/frozen_current/color/a blue duck and a yellow pond_002120.png,,,
167,color,a red rose and a white carnation,/root/compbench_work/images/frozen_ebcol020/color/a red rose and a white carnation_001870.png,/root/compbench_work/images/frozen_current/color/a red rose and a white carnation_001870.png,,,
168,color,a blue backpack and a red book,/root/compbench_work/images/frozen_current/color/a blue backpack and a red book_000080.png,/root/compbench_work/images/frozen_ebcol020/color/a blue backpack and a red book_000080.png,,,
169,color,a black cat and a white paw,/root/compbench_work/images/frozen_current/color/a black cat and a white paw_001620.png,/root/compbench_work/images/frozen_ebcol020/color/a black cat and a white paw_001620.png,,,
170,color,a green banana and a brown cow,/root/compbench_work/images/frozen_ebcol020/color/a green banana and a brown cow_001090.png,/root/compbench_work/images/frozen_current/color/a green banana and a brown cow_001090.png,,,
171,color,a blue backpack and a red chair,/root/compbench_work/images/frozen_ebcol020/color/a blue backpack and a red chair_000360.png,/root/compbench_work/images/frozen_current/color/a blue backpack and a red chair_000360.png,,,
172,color,a brown cup and a blue horse,/root/compbench_work/images/frozen_ebcol020/color/a brown cup and a blue horse_000390.png,/root/compbench_work/images/frozen_current/color/a brown cup and a blue horse_000390.png,,,
173,color,a blue backpack and a brown bear,/root/compbench_work/images/frozen_ebcol020/color/a blue backpack and a brown bear_000260.png,/root/compbench_work/images/frozen_current/color/a blue backpack and a brown bear_000260.png,,,
174,color,a red pencil and a yellow eraser,/root/compbench_work/images/frozen_current/color/a red pencil and a yellow eraser_001820.png,/root/compbench_work/images/frozen_ebcol020/color/a red pencil and a yellow eraser_001820.png,,,
175,color,A pink bathroom with a mirror and a green sink.,/root/compbench_work/images/frozen_ebcol020/color/A pink bathroom with a mirror and a green sink._002430.png,/root/compbench_work/images/frozen_current/color/A pink bathroom with a mirror and a green sink._002430.png,,,
176,color,a green frog and a brown pond,/root/compbench_work/images/frozen_current/color/a green frog and a brown pond_001650.png,/root/compbench_work/images/frozen_ebcol020/color/a green frog and a brown pond_001650.png,,,
177,color,A green bathroom with a mirror and a pink sink.,/root/compbench_work/images/frozen_current/color/A green bathroom with a mirror and a pink sink._002420.png,/root/compbench_work/images/frozen_ebcol020/color/A green bathroom with a mirror and a pink sink._002420.png,,,
178,color,"Bathroom scene, white commode and matching brown sink on light white tone tiled floor.","/root/compbench_work/images/frozen_current/color/Bathroom scene, white commode and matching brown sink on light white tone tiled floor._002870.png","/root/compbench_work/images/frozen_ebcol020/color/Bathroom scene, white commode and matching brown sink on light white tone tiled floor._002870.png",,,
179,color,a brown bear and a blue vase,/root/compbench_work/images/frozen_current/color/a brown bear and a blue vase_000890.png,/root/compbench_work/images/frozen_ebcol020/color/a brown bear and a blue vase_000890.png,,,
180,color,a green jay and a blue parrot,/root/compbench_work/images/frozen_ebcol020/color/a green jay and a blue parrot_002140.png,/root/compbench_work/images/frozen_current/color/a green jay and a blue parrot_002140.png,,,
181,color,a blue bear and a brown boat,/root/compbench_work/images/frozen_ebcol020/color/a blue bear and a brown boat_001280.png,/root/compbench_work/images/frozen_current/color/a blue bear and a brown boat_001280.png,,,
182,color,A stainless steel oven sits between black cupboards with white counter tops while sun shines through the kitchen windows.,/root/compbench_work/images/frozen_ebcol020/color/A stainless steel oven sits between black cupboards with white counter tops while sun shines through the kitchen windows._002610.png,/root/compbench_work/images/frozen_current/color/A stainless steel oven sits between black cupboards with white counter tops while sun shines through the kitchen windows._002610.png,,,
183,color,a yellow sun and a red sunset,/root/compbench_work/images/frozen_ebcol020/color/a yellow sun and a red sunset_001670.png,/root/compbench_work/images/frozen_current/color/a yellow sun and a red sunset_001670.png,,,
184,color,a brown log and a green moss,/root/compbench_work/images/frozen_ebcol020/color/a brown log and a green moss_002190.png,/root/compbench_work/images/frozen_current/color/a brown log and a green moss_002190.png,,,
185,color,a red bicycle and a blue helmet,/root/compbench_work/images/frozen_ebcol020/color/a red bicycle and a blue helmet_002260.png,/root/compbench_work/images/frozen_current/color/a red bicycle and a blue helmet_002260.png,,,
186,color,a green bag and a blue water bottle,/root/compbench_work/images/frozen_ebcol020/color/a green bag and a blue water bottle_002390.png,/root/compbench_work/images/frozen_current/color/a green bag and a blue water bottle_002390.png,,,
187,color,a red school bus and a green bag,/root/compbench_work/images/frozen_current/color/a red school bus and a green bag_002320.png,/root/compbench_work/images/frozen_ebcol020/color/a red school bus and a green bag_002320.png,,,
188,color,a red book and a brown sheep,/root/compbench_work/images/frozen_ebcol020/color/a red book and a brown sheep_001170.png,/root/compbench_work/images/frozen_current/color/a red book and a brown sheep_001170.png,,,
189,color,a brown horse and a red orange,/root/compbench_work/images/frozen_current/color/a brown horse and a red orange_000460.png,/root/compbench_work/images/frozen_ebcol020/color/a brown horse and a red orange_000460.png,,,
190,color,a brown cup and a blue sheep,/root/compbench_work/images/frozen_ebcol020/color/a brown cup and a blue sheep_000650.png,/root/compbench_work/images/frozen_current/color/a brown cup and a blue sheep_000650.png,,,
191,color,a black swan and a white lake,/root/compbench_work/images/frozen_ebcol020/color/a black swan and a white lake_002180.png,/root/compbench_work/images/frozen_current/color/a black swan and a white lake_002180.png,,,
192,color,A small brown kitchen with white wood floor.,/root/compbench_work/images/frozen_ebcol020/color/A small brown kitchen with white wood floor._002470.png,/root/compbench_work/images/frozen_current/color/A small brown kitchen with white wood floor._002470.png,,,
193,color,a brown apple and a green elephant,/root/compbench_work/images/frozen_ebcol020/color/a brown apple and a green elephant_000920.png,/root/compbench_work/images/frozen_current/color/a brown apple and a green elephant_000920.png,,,
194,color,a red apple and a green kiwi,/root/compbench_work/images/frozen_current/color/a red apple and a green kiwi_001950.png,/root/compbench_work/images/frozen_ebcol020/color/a red apple and a green kiwi_001950.png,,,
195,color,a brown book and a red sheep,/root/compbench_work/images/frozen_current/color/a brown book and a red sheep_001180.png,/root/compbench_work/images/frozen_ebcol020/color/a brown book and a red sheep_001180.png,,,
196,color,a red backpack and a blue book,/root/compbench_work/images/frozen_ebcol020/color/a red backpack and a blue book_000090.png,/root/compbench_work/images/frozen_current/color/a red backpack and a blue book_000090.png,,,
197,color,a green bench and a red orange,/root/compbench_work/images/frozen_ebcol020/color/a green bench and a red orange_000730.png,/root/compbench_work/images/frozen_current/color/a green bench and a red orange_000730.png,,,
198,color,a green apple and a red suitcase,/root/compbench_work/images/frozen_ebcol020/color/a green apple and a red suitcase_000690.png,/root/compbench_work/images/frozen_current/color/a green apple and a red suitcase_000690.png,,,
199,color,a green banana and a red suitcase,/root/compbench_work/images/frozen_ebcol020/color/a green banana and a red suitcase_000300.png,/root/compbench_work/images/frozen_current/color/a green banana and a red suitcase_000300.png,,,
