split,n_prompts,prompts_with_object,prompts_with_attribute,prompts_with_relation,prompts_with_object_and_attribute,mean_objects,mean_attributes,mean_relations,median_objects,median_attributes,median_relations,prompts_truncated_by_t5,mean_truncated_tokens,obj_alignment_failure_rate,obj_elements_considered,attr_alignment_failure_rate,attr_elements_considered,rel_alignment_failure_rate,rel_elements_considered
asset_samples_64,64,0.984375,0.921875,0.84375,0.921875,8.46875,6.484375,3.109375,7.0,5.0,2.0,0.078125,2.15625,0.0,63,0.0,59,0.0,54
compbench_color,300,1.0,0.9933333333333333,0.19333333333333333,0.9933333333333333,2.2466666666666666,2.2266666666666666,0.31333333333333335,2.0,2.0,0.0,0.0,0.0,0.0,300,0.0,298,0.0,58
compbench_shape,300,1.0,1.0,0.26,1.0,2.46,2.6533333333333333,0.44666666666666666,2.0,2.0,0.0,0.0,0.0,0.0,300,0.0,300,0.0,78
compbench_texture,300,1.0,0.9966666666666667,0.19666666666666666,0.9966666666666667,2.39,2.51,0.38,2.0,2.0,0.0,0.0,0.0,0.0,300,0.0,299,0.0,59
compbench_spatial,300,1.0,0.0,0.92,0.0,2.84,0.0,1.76,3.0,0.0,2.0,0.0,0.0,0.0,300,0.0,0,0.0,276
compbench_3d_spatial,300,1.0,0.0,0.6166666666666667,0.0,2.34,0.0,0.9566666666666667,2.0,0.0,1.0,0.0,0.0,0.0,300,0.0,0,0.0,185
compbench_numeracy,300,1.0,1.0,0.18333333333333332,1.0,2.6133333333333333,2.4,0.21666666666666667,2.0,2.0,0.0,0.0,0.0,0.0,300,0.0,300,0.0,55
compbench_non_spatial,300,1.0,0.6,0.9866666666666667,0.6,3.0966666666666667,0.81,1.5433333333333332,3.0,1.0,1.0,0.0,0.0,0.0,300,0.0,180,0.0,296
compbench_complex,300,1.0,1.0,0.8666666666666667,1.0,3.21,3.3233333333333333,1.5033333333333334,3.0,3.0,1.0,0.0,0.0,0.0,300,0.0,300,0.0,260
