layer,gate_global,gate_object,gate_attribute,gate_relation
0,0.981945,0.017914,0.017908,0.017920
1,0.981934,0.017888,0.017882,0.017896
2,0.981951,0.017879,0.017857,0.017868
3,0.981971,0.017891,0.017851,0.017862
4,0.981973,0.017898,0.017856,0.017868
5,0.981959,0.017900,0.017863,0.017876
6,0.981951,0.017898,0.017865,0.017879
7,0.981941,0.017898,0.017868,0.017883
8,0.981937,0.017896,0.017867,0.017882
9,0.981936,0.017893,0.017865,0.017880
10,0.981934,0.017891,0.017864,0.017878
11,0.981935,0.017887,0.017861,0.017875
12,0.981936,0.017885,0.017859,0.017873
13,0.981941,0.017881,0.017858,0.017871
14,0.981943,0.017879,0.017862,0.017875
15,0.981944,0.017881,0.017868,0.017880
16,0.981940,0.017886,0.017876,0.017888
17,0.981908,0.017887,0.017882,0.017896
18,0.981890,0.017892,0.017893,0.017909
19,0.981910,0.017895,0.017890,0.017903
20,0.981910,0.017908,0.017905,0.017917
21,0.981888,0.017918,0.017926,0.017940
22,0.981880,0.017910,0.017911,0.017923
23,0.981897,0.017911,0.017913,0.017924
24,0.981894,0.017921,0.017934,0.017937
25,0.981879,0.017922,0.017941,0.017935
26,0.981850,0.017912,0.017923,0.017919
27,0.981918,0.017932,0.017945,0.017936
mean,0.981925,0.017898,0.017885,0.017896
min,0.981850,0.017879,0.017851,0.017862
max,0.981973,0.017932,0.017945,0.017940
