global_step,elapsed_seconds,loss,diffusion_loss,semantic_reg_loss,distill_loss,lr,grad_norm,gpu_memory_gb,gpu_peak_memory_gb,semantic_residual_norm,semantic_token_gate,semantic_pair_strength,semantic_layer_gate_global,semantic_layer_gate_object,semantic_layer_gate_attribute,semantic_layer_gate_relation
1,4.3423,0.2929019033908844,0.2905597388744354,0.09733675420284271,0.000790818186942488,0.0,,7.0466,30.2675,0.2748830020427704,0.01600518263876438,0.04933648928999901,0.9820138216018677,0.01798621192574501,0.01798621192574501,0.01798621192574501
50,48.7386,0.18378353118896484,0.18086406588554382,0.1459730714559555,0.0,8.485281374238571e-08,,7.1055,30.3778,0.32564598321914673,0.01600521057844162,0.04933648928999901,0.9820138216018677,0.01798621192574501,0.01798621192574501,0.01798621192574501
100,93.9951,0.09093987196683884,0.08875858783721924,0.10906405746936798,0.0,1.7677669529663692e-07,0.0033935655374079943,7.1055,30.3778,0.2823774814605713,0.01600531116127968,0.04933648928999901,0.9820138216018677,0.01798621192574501,0.01798621192574501,0.01798621192574501
150,139.2992,0.23845036327838898,0.23594030737876892,0.1255025863647461,0.0,2.616295090390226e-07,,7.1055,30.3778,0.3105177879333496,0.016005486249923706,0.04933648928999901,0.9820138216018677,0.01798621192574501,0.017986204475164413,0.01798621192574501
200,184.7675,0.12517622113227844,0.12284141778945923,0.11674002557992935,0.0,3.5355339059327384e-07,0.0044327909126877785,7.1055,30.3778,0.28564029932022095,0.016005724668502808,0.04933658614754677,0.9820137023925781,0.017986129969358444,0.01798611506819725,0.01798611879348755
250,230.682,0.18609820306301117,0.18451948463916779,0.07893605530261993,0.0,4.3840620433565953e-07,,7.1055,30.3778,0.24756528437137604,0.016006046906113625,0.04933669790625572,0.9820137023925781,0.01798602193593979,0.017986005172133446,0.017986008897423744
300,276.1747,0.10629838705062866,0.10478275269269943,0.07578158378601074,0.0,5.303300858899107e-07,0.002682972466573119,7.1055,30.3778,0.23748494684696198,0.01600641757249832,0.04933678358793259,0.9820135235786438,0.01798592135310173,0.017985904589295387,0.017985908314585686
350,321.8085,0.04496791958808899,0.04370879381895065,0.06295626610517502,0.0,6.151828996322964e-07,,7.1055,30.3778,0.21369178593158722,0.016006970778107643,0.04933678358793259,0.982013463973999,0.017985813319683075,0.017985794693231583,0.01798580028116703
400,367.3011,0.288726806640625,0.2868042290210724,0.09612885862588882,0.0,7.071067811865477e-07,0.002944042906165123,7.1055,30.3778,0.28599148988723755,0.01600767858326435,0.04933685064315796,0.9820132851600647,0.01798568107187748,0.017985690385103226,0.017985697835683823
450,413.2129,0.09981946647167206,0.09848067164421082,0.06693974137306213,0.0,7.919595949289334e-07,,7.1055,30.3778,0.2292541265487671,0.016008350998163223,0.049337055534124374,0.9820132255554199,0.017985571175813675,0.017985578626394272,0.017985578626394272
500,458.7567,0.06730523705482483,0.0656512975692749,0.0826968252658844,0.0,8.838834764831846e-07,0.0034844717010855675,7.1055,30.3778,0.2443411499261856,0.01600896753370762,0.049337238073349,0.982012927532196,0.017985468730330467,0.017985427752137184,0.01798541098833084
550,504.1162,0.18528951704502106,0.18234603106975555,0.14717452228069305,0.0,9.687362902255702e-07,,7.1055,30.3778,0.32362425327301025,0.016009846702218056,0.049337513744831085,0.9820128083229065,0.017985310405492783,0.01798521913588047,0.017985204234719276
600,549.5187,0.05854552239179611,0.057773955166339874,0.03857835754752159,0.0,1.0606601717798214e-06,0.0015648884000256658,7.1055,30.3778,0.1707047075033188,0.016010688617825508,0.049337733536958694,0.9820126295089722,0.017985127866268158,0.017985019832849503,0.0179850235581398
650,595.4896,0.13870906829833984,0.13742104172706604,0.0644015297293663,0.0,1.1455129855222073e-06,,7.1055,30.3778,0.22629278898239136,0.01601165533065796,0.049337953329086304,0.9820124506950378,0.017984921112656593,0.017984801903367043,0.017984816804528236
700,640.8804,0.2467460036277771,0.24513913691043854,0.08034328371286392,0.0,1.2374368670764583e-06,0.0023245657794177532,7.1055,30.3778,0.2584778666496277,0.01601255312561989,0.04933827370405197,0.9820123314857483,0.017984729260206223,0.017984608188271523,0.017984624952077866
750,686.2689,0.14126507937908173,0.139205664396286,0.10297061502933502,0.0,1.3222896808188442e-06,,7.1055,30.3778,0.27402281761169434,0.016013503074645996,0.0493384450674057,0.9820120930671692,0.017984505742788315,0.017984379082918167,0.017984366044402122
800,731.7002,0.2107376605272293,0.20922806859016418,0.07547947764396667,0.0,1.4142135623730954e-06,0.002628326416015625,7.1055,30.3778,0.23787017166614532,0.016014473512768745,0.049338582903146744,0.9820118546485901,0.017984289675951004,0.017984088510274887,0.01798408292233944
850,777.6395,0.17693518102169037,0.1751680076122284,0.08835900574922562,0.0,1.499066376115481e-06,,7.1055,30.3778,0.25501447916030884,0.016015449538826942,0.049338627606630325,0.9820115566253662,0.017984069883823395,0.01798379234969616,0.01798379234969616
900,823.1676,0.06364437937736511,0.06286270171403885,0.039084017276763916,0.0,1.5909902576697322e-06,0.0012901603477075696,7.1055,30.3778,0.1756586730480194,0.016016481444239616,0.04933874309062958,0.9820113778114319,0.01798386685550213,0.017983514815568924,0.017983509227633476
950,868.5901,0.1993737518787384,0.19787998497486115,0.0746881514787674,0.0,1.675843071412118e-06,,7.1055,30.3778,0.24197787046432495,0.016017694026231766,0.04933885857462883,0.982011079788208,0.017983615398406982,0.017983194440603256,0.017983203753829002
1000,914.0554,0.3207690715789795,0.319548100233078,0.06104893237352371,0.0,1.767766952966369e-06,0.0018841491546481848,7.1055,30.3778,0.22743165493011475,0.016018850728869438,0.04933885857462883,0.9820108413696289,0.017983360216021538,0.017982881516218185,0.01798292249441147
1050,960.0055,0.09040547162294388,0.08953435719013214,0.04355553910136223,0.0,1.8526197667087548e-06,,7.1055,30.3778,0.1817423701286316,0.01602000556886196,0.049339041113853455,0.9820106029510498,0.017983049154281616,0.017982495948672295,0.017982611432671547
1100,1005.3096,0.12867777049541473,0.12728236615657806,0.06977017223834991,0.0,1.944543648263006e-06,0.001979794120416045,7.1055,30.3778,0.22508461773395538,0.01602126471698284,0.04933938756585121,0.9820103645324707,0.017982803285121918,0.01798219047486782,0.01798231713473797
1150,1051.0255,0.10505703091621399,0.1039019450545311,0.05775441974401474,0.0,2.0293964620053914e-06,,7.1055,30.3778,0.20383939146995544,0.016022689640522003,0.049339659512043,0.9820099472999573,0.017982523888349533,0.017981810495257378,0.017981989309191704
1200,1096.3882,0.1281021535396576,0.12685038149356842,0.06258891522884369,0.0,2.121320343559643e-06,0.002007904229685664,7.1055,30.3778,0.22007793188095093,0.01602393202483654,0.049339719116687775,0.982009768486023,0.017982255667448044,0.01798144355416298,0.017981713637709618
1250,1142.2942,0.3092328906059265,0.3081399202346802,0.054649192839860916,0.0,2.2061731573020287e-06,,7.1055,30.3778,0.20691397786140442,0.01602516695857048,0.04933984577655792,0.9820094108581543,0.017981942743062973,0.01798107847571373,0.017981398850679398
1300,1188.0514,0.010640187188982964,0.010072598233819008,0.028379464522004128,0.0,2.2980970388562797e-06,0.0011822220403701067,7.1055,30.3778,0.15422511100769043,0.01602630876004696,0.04934005066752434,0.98200923204422,0.01798165962100029,0.01798071525990963,0.017981087788939476
1350,1233.4891,0.05600224435329437,0.05526132509112358,0.03704597428441048,0.0,2.3829498525986656e-06,,7.1055,30.3778,0.17056556046009064,0.016027837991714478,0.049340348690748215,0.9820089340209961,0.017981329932808876,0.01798029989004135,0.017980679869651794
1400,1279.0447,0.1756766140460968,0.1748703420162201,0.04031337425112724,0.0,2.4748737341529166e-06,0.0012312224134802818,7.1055,30.3778,0.17906151711940765,0.016029076650738716,0.04934047535061836,0.982008695602417,0.01798095554113388,0.017979908734560013,0.017980312928557396
1450,1325.0248,0.12911322712898254,0.1281059831380844,0.05036228150129318,0.0,2.5597265478953025e-06,,7.1055,30.3778,0.1933373063802719,0.0160305704921484,0.04934047535061836,0.9820082783699036,0.017980584874749184,0.017979446798563004,0.017979886382818222
1500,1370.4876,0.1664377599954605,0.16514334082603455,0.06472103297710419,0.0,2.6516504294495534e-06,0.0018480236176401377,7.1055,30.3778,0.2204020470380783,0.016032172366976738,0.049340441823005676,0.9820079803466797,0.017980216071009636,0.017978960648179054,0.017979439347982407
1550,1415.8145,0.11396857351064682,0.11319278180599213,0.03878970071673393,0.0,2.7365032431919393e-06,,7.1055,30.3778,0.17575857043266296,0.016034111380577087,0.04934050142765045,0.982007622718811,0.017979776486754417,0.01797841303050518,0.01797894574701786
1600,1461.2984,0.08506610244512558,0.08436715602874756,0.034947194159030914,0.0,2.8284271247461907e-06,0.0010447391541674733,7.1055,30.3778,0.16740745306015015,0.016035625711083412,0.049340613186359406,0.9820072054862976,0.017979387193918228,0.017977958545088768,0.017978554591536522
1650,1507.1659,0.2812885344028473,0.2796136438846588,0.08374498784542084,0.0,2.9132799384885762e-06,,7.1055,30.3778,0.2561878561973572,0.016037467867136,0.04934084042906761,0.9820069074630737,0.01797901652753353,0.017977464944124222,0.01797810010612011
1700,1552.2884,0.2268250733613968,0.22587701678276062,0.04740273579955101,0.0,3.0052038200428276e-06,0.001308927428908646,7.1055,30.3778,0.1981467604637146,0.016039233654737473,0.04934108629822731,0.9820066094398499,0.017978612333536148,0.017977014183998108,0.017977681010961533
1750,1597.2304,0.0748419314622879,0.07406695932149887,0.03874846547842026,0.0,3.090056633785213e-06,,7.1055,30.3778,0.17337241768836975,0.016041068360209465,0.04934164509177208,0.9820062518119812,0.01797824539244175,0.017976589500904083,0.017977340146899223
1800,1642.2218,0.17664717137813568,0.17494532465934753,0.08509215712547302,0.0,3.1819805153394645e-06,0.0021129201631993055,7.1055,30.3778,0.25167593359947205,0.016042759642004967,0.049341797828674316,0.982005774974823,0.017977913841605186,0.017976222559809685,0.01797700859606266
1850,1687.5188,0.10359187424182892,0.10285389423370361,0.03689895570278168,0.0,3.2668333290818504e-06,,7.1055,30.3778,0.17127031087875366,0.016044726595282555,0.04934198036789894,0.9820054173469543,0.017977513372898102,0.01797577179968357,0.01797661930322647
1900,1732.4764,0.14991344511508942,0.14872315526008606,0.059514619410037994,0.0,3.3587572106361013e-06,0.001820526085793972,7.1055,30.3778,0.20025604963302612,0.01604665070772171,0.04934215545654297,0.9820049405097961,0.01797718182206154,0.01797536574304104,0.017976269125938416
1950,1777.3088,0.18260619044303894,0.18187730014324188,0.036444298923015594,0.0,3.443610024378487e-06,,7.1055,30.3778,0.17566770315170288,0.016048608347773552,0.04934247210621834,0.9820046424865723,0.0179767906665802,0.017974916845560074,0.01797587238252163
2000,1822.1274,0.09553901106119156,0.09489763528108597,0.032068606466054916,0.0,3.535533905932738e-06,0.0009421316208317876,7.1055,30.3778,0.15904021263122559,0.0160505548119545,0.04934277385473251,0.9820041656494141,0.01797642931342125,0.01797448843717575,0.017975514754652977
2050,1867.4229,0.09670085459947586,0.0961008369922638,0.030000794678926468,0.0,3.535533905932738e-06,,7.1055,30.3778,0.1558341681957245,0.016052639111876488,0.04934310540556908,0.9820036888122559,0.017976051196455956,0.01797400787472725,0.01797507517039776
2100,1912.2853,0.014843831770122051,0.014458754099905491,0.019253868609666824,0.0,3.535533905932738e-06,0.0007267307373695076,7.1055,30.3778,0.12541694939136505,0.016054630279541016,0.04934340715408325,0.9820033311843872,0.017975647002458572,0.017973551526665688,0.017974669113755226
2150,1957.1152,0.1331937462091446,0.13256105780601501,0.03163465857505798,0.0,3.535533905932738e-06,,7.1055,30.3778,0.15683934092521667,0.016056600958108902,0.04934363439679146,0.982002854347229,0.017975350841879845,0.017973102629184723,0.01797422766685486
2200,2001.9091,0.17999593913555145,0.17928506433963776,0.03554408624768257,0.0,3.535533905932738e-06,0.0010369501542299986,7.1055,30.3778,0.1657377928495407,0.016058243811130524,0.04934397712349892,0.9820024967193604,0.017975056543946266,0.017972692847251892,0.017973769456148148
2250,2047.2981,0.24795959889888763,0.24728834629058838,0.03356297314167023,0.0,3.535533905932738e-06,,7.1055,30.3778,0.1704292744398117,0.01606004498898983,0.049344368278980255,0.9820021390914917,0.017974767833948135,0.017972251400351524,0.01797332614660263
2300,2092.3063,0.1583041548728943,0.15761861205101013,0.034276995807886124,0.0,3.535533905932738e-06,0.0010360793676227331,7.1055,30.3778,0.16966554522514343,0.01606149785220623,0.04934457689523697,0.982001781463623,0.01797444187104702,0.017971854656934738,0.017972951754927635
2350,2137.2659,0.20185309648513794,0.2010573297739029,0.03978811204433441,0.0,3.535533905932738e-06,,7.1055,30.3778,0.18247468769550323,0.016063107177615166,0.04934462904930115,0.9820013046264648,0.017974017187952995,0.017971385270357132,0.017972547560930252
2400,2182.2215,0.1283649057149887,0.12774673104286194,0.030908575281500816,0.0,3.535533905932738e-06,0.0009951686952263117,7.1055,30.3778,0.15967737138271332,0.01606491208076477,0.04934462904930115,0.9820009469985962,0.017973637208342552,0.017970925197005272,0.017972160130739212
2450,2227.4578,0.2064165323972702,0.205828458070755,0.02940385974943638,0.0,3.535533905932738e-06,,7.1055,30.3778,0.15365830063819885,0.0160665400326252,0.0493445098400116,0.9820005893707275,0.017973244190216064,0.01797044277191162,0.017971813678741455
2500,2272.4773,0.07977357506752014,0.0790584459900856,0.0357564352452755,0.0,3.535533905932738e-06,0.0011197531130164862,7.1055,30.3778,0.16667768359184265,0.01606789417564869,0.049344561994075775,0.9820002317428589,0.0179729163646698,0.01797003485262394,0.01797148957848549
2550,2323.7409,0.12275882065296173,0.1221982017159462,0.028031112626194954,0.0,3.535533905932738e-06,,7.1055,30.3778,0.15149888396263123,0.016069753095507622,0.04934467747807503,0.981999933719635,0.01797248050570488,0.017969587817788124,0.017971104010939598
2600,2368.5451,0.17899329960346222,0.17829230427742004,0.03504990413784981,0.0,3.535533905932738e-06,0.0010872313287109137,7.1055,30.3778,0.16649052500724792,0.016071362420916557,0.049344711005687714,0.9819995164871216,0.017972081899642944,0.017969174310564995,0.017970746383070946
2650,2413.8925,0.10290628671646118,0.10225732624530792,0.0324481837451458,0.0,3.535533905932738e-06,,7.1055,30.3778,0.15965694189071655,0.016073042526841164,0.049344755709171295,0.9819991588592529,0.017971709370613098,0.017968762665987015,0.01797032356262207
2700,2458.7261,0.14555490016937256,0.14505530893802643,0.024979524314403534,0.0,3.535533905932738e-06,0.000764183234423399,7.1055,30.3778,0.1375509798526764,0.016074663028120995,0.049344874918460846,0.9819987416267395,0.017971396446228027,0.017968371510505676,0.017969969660043716
2750,2503.6827,0.07848376780748367,0.07802519202232361,0.02292870730161667,0.0,3.535533905932738e-06,,7.1055,30.3778,0.13297778367996216,0.01607608236372471,0.049344874918460846,0.9819984436035156,0.01797112450003624,0.017967969179153442,0.01796962134540081
2800,2548.6548,0.011963916011154652,0.011574521660804749,0.019469738006591797,0.0,3.535533905932738e-06,0.0006766135338693857,7.1055,30.3778,0.12596577405929565,0.016077784821391106,0.049344953149557114,0.9819981455802917,0.017970798537135124,0.017967522144317627,0.017969246953725815
2850,2594.14,0.1584407240152359,0.15803110599517822,0.020481016486883163,0.0,3.535533905932738e-06,,7.1055,30.3778,0.12960001826286316,0.016079312190413475,0.04934518039226532,0.9819977879524231,0.01797042228281498,0.017967071384191513,0.017968855798244476
2900,2639.2313,0.06389235705137253,0.06323803216218948,0.03271615877747536,0.0,3.535533905932738e-06,0.0009782937122508883,7.1055,30.3778,0.1641659438610077,0.016080809757113457,0.049345433712005615,0.981997549533844,0.017970044165849686,0.01796659454703331,0.017968488857150078
2950,2684.3314,0.22623324394226074,0.22567054629325867,0.028134720399975777,0.0,3.535533905932738e-06,,7.1055,30.3778,0.15161052346229553,0.016082413494586945,0.04934553802013397,0.9819971323013306,0.017969677224755287,0.01796617917716503,0.017968107014894485
3000,2729.3765,0.1538645327091217,0.15307742357254028,0.03935575112700462,0.0,3.535533905932738e-06,0.001133059267885983,7.1055,30.3778,0.1811341941356659,0.01608368009328842,0.04934599623084068,0.9819967746734619,0.017969368025660515,0.017965849488973618,0.017967768013477325
3050,2774.9123,0.2210189402103424,0.22034852206707,0.03352084010839462,0.0,3.535533905932738e-06,,7.1055,30.3778,0.16096702218055725,0.016085008159279823,0.04934638738632202,0.9819965362548828,0.017969032749533653,0.01796545460820198,0.01796743832528591
3100,2819.7439,0.049819763749837875,0.0495135523378849,0.015310646966099739,0.0,3.535533905932738e-06,0.000646311033051461,7.1055,30.3778,0.111119344830513,0.016086505725979805,0.0493466891348362,0.9819961786270142,0.01796869933605194,0.017965078353881836,0.0179671011865139
3150,2864.7909,0.24424584209918976,0.24352531135082245,0.036026425659656525,0.0,3.535533905932738e-06,,7.1055,30.3778,0.1658593863248825,0.01608807034790516,0.049346793442964554,0.9819957613945007,0.017968345433473587,0.017964674159884453,0.01796671375632286
3200,2909.7859,0.06376611441373825,0.06339729577302933,0.01844094693660736,0.0,3.535533905932738e-06,0.0006914478144608438,7.1055,30.3778,0.12160006910562515,0.016089390963315964,0.04934684559702873,0.9819954037666321,0.017968012019991875,0.017964277416467667,0.017966378480196
3250,2955.2245,0.13097307085990906,0.13044042885303497,0.026631785556674004,0.0,3.535533905932738e-06,,7.1055,30.3778,0.14350485801696777,0.0160907544195652,0.04934684559702873,0.981995165348053,0.01796771213412285,0.017963837832212448,0.01796601340174675
3300,3000.2978,0.055950235575437546,0.055446431040763855,0.02519022673368454,0.0,3.535533905932738e-06,0.0008038080995902419,7.1055,30.3778,0.1374991238117218,0.016092000529170036,0.04934694990515709,0.9819948673248291,0.017967378720641136,0.017963385209441185,0.017965679988265038
3350,3045.1778,0.22746063768863678,0.22712746262550354,0.016658484935760498,0.0,3.535533905932738e-06,,7.1055,30.3778,0.11685182899236679,0.016093308106064796,0.0493471696972847,0.9819945096969604,0.01796700991690159,0.017962947487831116,0.017965326085686684
3400,3090.0849,0.029829077422618866,0.02941025421023369,0.020941156893968582,0.0,3.535533905932738e-06,0.0007359488517977297,7.1055,30.3778,0.1305006444454193,0.016094926744699478,0.04934731125831604,0.9819942712783813,0.01796667091548443,0.017962580546736717,0.01796499453485012
3450,3135.4165,0.06903412938117981,0.06864634156227112,0.01938953809440136,0.0,3.535533905932738e-06,,7.1055,30.3778,0.12549671530723572,0.016096757724881172,0.04934736341238022,0.9819939136505127,0.017966318875551224,0.01796216517686844,0.01796460896730423
3500,3180.3578,0.1480090469121933,0.1474558413028717,0.027660014107823372,0.0,3.535533905932738e-06,0.0010599755914881825,7.1055,30.3778,0.14805853366851807,0.016098370775580406,0.04934743046760559,0.9819936752319336,0.017966032028198242,0.017961813136935234,0.017964264377951622
3550,3225.1443,0.1453704833984375,0.14461667835712433,0.03769049048423767,0.0,3.535533905932738e-06,,7.1055,30.3778,0.1678956300020218,0.016100015491247177,0.04934755712747574,0.9819933772087097,0.017965752631425858,0.017961442470550537,0.017963891848921776
3600,3269.9487,0.43491509556770325,0.4342426061630249,0.03362476825714111,0.0,3.535533905932738e-06,0.0012425027089193463,7.1055,30.3778,0.16689558327198029,0.0161015335470438,0.04934784397482872,0.9819930791854858,0.01796545460820198,0.017961125820875168,0.017963549122214317
3650,3315.506,0.40019509196281433,0.3997628688812256,0.021611478179693222,0.0,3.535533905932738e-06,,7.1055,30.3778,0.13279925286769867,0.016103185713291168,0.04934822395443916,0.9819927215576172,0.017965061590075493,0.017960695549845695,0.017963115125894547
3700,3360.419,0.013772131875157356,0.013547605834901333,0.011226302944123745,0.0,3.535533905932738e-06,0.0005320842610672116,7.1055,30.3778,0.0994747206568718,0.01610465906560421,0.04934839904308319,0.9819923639297485,0.01796470582485199,0.017960306257009506,0.017962737008929253
3750,3405.3319,0.21860668063163757,0.21821929514408112,0.01936916634440422,0.0,3.535533905932738e-06,,7.1055,30.3778,0.12435905635356903,0.016106341034173965,0.04934839904308319,0.9819920063018799,0.017964240163564682,0.0179598331451416,0.017962325364351273
3800,3450.2455,0.3124528229236603,0.31206727027893066,0.019277997314929962,0.0,3.535533905932738e-06,0.0007081872900016606,7.1055,30.3778,0.12685512006282806,0.016107887029647827,0.04934839904308319,0.9819917678833008,0.017963886260986328,0.017959406599402428,0.01796199195086956
3850,3495.5627,0.30608391761779785,0.30553460121154785,0.027465352788567543,0.0,3.535533905932738e-06,,7.1055,30.3778,0.14731046557426453,0.016109276562929153,0.04934839904308319,0.9819914102554321,0.017963523045182228,0.017958989366889,0.01796168088912964
3900,3540.5346,0.1013009175658226,0.1009727492928505,0.0164085291326046,0.0,3.535533905932738e-06,0.0005867915460839868,7.1055,30.3778,0.115227110683918,0.016110500320792198,0.04934854805469513,0.9819911122322083,0.01796318031847477,0.017958616837859154,0.017961375415325165
3950,3585.5376,0.183467835187912,0.1828138530254364,0.032699164003133774,0.0,3.535533905932738e-06,,7.1055,30.3778,0.1593102067708969,0.016111768782138824,0.04934878647327423,0.9819908738136292,0.017962826415896416,0.01795821636915207,0.0179610438644886
4000,3630.5539,0.05710418149828911,0.056783124804496765,0.01605278067290783,0.0,3.535533905932738e-06,0.0005849344306625426,7.1055,30.3778,0.11422410607337952,0.01611299067735672,0.049348924309015274,0.9819905757904053,0.017962520942091942,0.017957819625735283,0.017960717901587486
4050,3675.9643,0.18630251288414001,0.1858099400997162,0.024628568440675735,0.0,3.535533905932738e-06,,7.1055,30.3778,0.14404062926769257,0.01611451804637909,0.049349095672369,0.9819900989532471,0.017962094396352768,0.0179574117064476,0.017960358411073685
4100,3720.8634,0.03297839313745499,0.03276326134800911,0.01075654849410057,0.0,3.535533905932738e-06,0.0004815158899873495,7.1055,30.3778,0.09367687255144119,0.016115795820951462,0.0493493489921093,0.9819896221160889,0.01796172931790352,0.017957037314772606,0.017959995195269585
4150,3765.7402,0.12578707933425903,0.12524843215942383,0.02693239040672779,0.0,3.535533905932738e-06,,7.1055,30.3778,0.14163315296173096,0.016116932034492493,0.04934953153133392,0.9819893836975098,0.01796143315732479,0.01795671135187149,0.01795966550707817
4200,3810.5569,0.08561321347951889,0.08520186692476273,0.02056739665567875,0.0,3.535533905932738e-06,0.0007523861131630838,7.1055,30.3778,0.12846648693084717,0.016118159517645836,0.04934966191649437,0.9819890856742859,0.0179611686617136,0.01795637048780918,0.017959345132112503
4250,3855.832,0.2164473980665207,0.21572425961494446,0.036156728863716125,0.0,3.535533905932738e-06,,7.1055,30.3778,0.16808591783046722,0.016119547188282013,0.04934978857636452,0.9819887280464172,0.017960775643587112,0.01795596443116665,0.017959004268050194
4300,3900.68,0.02489321678876877,0.02451104111969471,0.019108792766928673,0.0,3.535533905932738e-06,0.0007117885397747159,7.1055,30.3778,0.12288149446249008,0.016120709478855133,0.04934992268681526,0.9819885492324829,0.017960453405976295,0.017955582588911057,0.017958728596568108
4350,3945.7631,0.12458615005016327,0.12437368184328079,0.010623510926961899,0.0,3.535533905932738e-06,,7.1055,30.3778,0.09294305741786957,0.016121817752718925,0.049350038170814514,0.9819883108139038,0.017960093915462494,0.01795518770813942,0.01795843243598938
4400,3990.6587,0.21102415025234222,0.2104855179786682,0.02693166583776474,0.0,3.535533905932738e-06,0.0008419522782787681,7.1055,30.3778,0.14805524051189423,0.016123149544000626,0.04935009777545929,0.9819880723953247,0.01795981451869011,0.017954884096980095,0.017958182841539383
4450,4035.9149,0.06631942838430405,0.06578382104635239,0.02678026631474495,0.0,3.535533905932738e-06,,7.1055,30.3778,0.1452307105064392,0.01612456887960434,0.049350325018167496,0.981987714767456,0.01795950159430504,0.017954524606466293,0.017957884818315506
4500,4080.8028,0.03689390793442726,0.036634139716625214,0.012988370843231678,0.0,3.535533905932738e-06,0.000610437011346221,7.1055,30.3778,0.10296311974525452,0.016125978901982307,0.04935077577829361,0.981987476348877,0.017959220334887505,0.017954183742403984,0.01795758120715618
4550,4125.6637,0.11766646057367325,0.11736424267292023,0.015111006796360016,0.0,3.535533905932738e-06,,7.1055,30.3778,0.11041851341724396,0.016127223148941994,0.049351174384355545,0.9819871783256531,0.017958959564566612,0.017953835427761078,0.01795727014541626
4600,4170.627,0.10173099488019943,0.10131599754095078,0.020749812945723534,0.0,3.535533905932738e-06,0.0007021083147265017,7.1055,30.3778,0.13056187331676483,0.01612844131886959,0.049351323395967484,0.9819869995117188,0.017958704382181168,0.017953498288989067,0.017956925556063652
4650,4216.038,0.11253082752227783,0.11213119328022003,0.019981784746050835,0.0,3.535533905932738e-06,,7.1055,30.3778,0.1268976479768753,0.016130173578858376,0.049351368099451065,0.9819866418838501,0.01795843243598938,0.01795314997434616,0.017956551164388657
4700,4260.9805,0.02216663770377636,0.021783217787742615,0.01917099952697754,0.0,3.535533905932738e-06,0.0006970729446038604,7.1055,30.3778,0.12621918320655823,0.016131676733493805,0.049351368099451065,0.981986403465271,0.017958173528313637,0.01795280911028385,0.017956256866455078
4750,4305.8139,0.2982289493083954,0.29772937297821045,0.024978090077638626,0.0,3.535533905932738e-06,,7.1055,30.3778,0.1449183076620102,0.016132937744259834,0.04935158044099808,0.9819861650466919,0.01795790158212185,0.017952416092157364,0.017955917865037918
4800,4350.7551,0.31609004735946655,0.315363347530365,0.036335598677396774,0.0,3.535533905932738e-06,0.0010483739897608757,7.1055,30.3778,0.18557614088058472,0.0161344762891531,0.049351759254932404,0.981985867023468,0.01795758679509163,0.017952047288417816,0.017955562099814415
4850,4396.3655,0.15854820609092712,0.1581699699163437,0.018912075087428093,0.0,3.535533905932738e-06,,7.1055,30.3778,0.12268112599849701,0.016136180609464645,0.0493517704308033,0.9819853901863098,0.017957208678126335,0.01795150153338909,0.017955122515559196
4900,4441.229,0.25998595356941223,0.25951194763183594,0.023700298741459846,0.0,3.535533905932738e-06,0.0008614135440438986,7.1055,30.3778,0.14110715687274933,0.01613742671906948,0.04935189709067345,0.9819851517677307,0.01795685850083828,0.017951110377907753,0.01795477606356144
4950,4486.0832,0.08507537096738815,0.08476203680038452,0.015666654333472252,0.0,3.535533905932738e-06,,7.1055,30.3778,0.11215415596961975,0.01613895781338215,0.04935205727815628,0.9819848537445068,0.017956435680389404,0.017950696870684624,0.017954451963305473
5000,4531.0443,0.081283800303936,0.0808163583278656,0.023372191935777664,0.0,3.535533905932738e-06,0.0007758495048619807,7.1055,30.3778,0.1382911056280136,0.016140278428792953,0.049352165311574936,0.9819846153259277,0.017956040799617767,0.017950305715203285,0.017954139038920403
5050,4581.4623,0.2088903784751892,0.20852474868297577,0.018281737342476845,0.0,3.535533905932738e-06,,7.1055,30.3778,0.12097255885601044,0.01614140346646309,0.04935244843363762,0.9819842576980591,0.01795569621026516,0.017949888482689857,0.01795382797718048
5100,4626.4559,0.140151247382164,0.13991931080818176,0.01159709133207798,0.0,3.535533905932738e-06,0.0005930355400778353,7.1055,30.3778,0.09556074440479279,0.01614275388419628,0.049352630972862244,0.9819839596748352,0.017955414950847626,0.01794956438243389,0.017953522503376007
5150,4671.3707,0.23595301806926727,0.23557351529598236,0.01897500827908516,0.0,3.535533905932738e-06,,7.1055,30.3778,0.12443272024393082,0.016144217923283577,0.04935289919376373,0.9819837212562561,0.017955105751752853,0.017949223518371582,0.017953194677829742
5200,4716.2787,0.1052892655134201,0.10478854179382324,0.025036374107003212,0.0,3.535533905932738e-06,0.0009102051262743771,7.1055,30.3778,0.13823898136615753,0.016145791858434677,0.049353066831827164,0.981983482837677,0.017954764887690544,0.017948893830180168,0.017952842637896538
5250,4761.6557,0.0998835563659668,0.09956074506044388,0.016140645369887352,0.0,3.535533905932738e-06,,7.1055,30.3778,0.11827651411294937,0.016147635877132416,0.04935336485505104,0.9819832444190979,0.017954427748918533,0.017948485910892487,0.01795249618589878
5300,4806.5276,0.05012204125523567,0.04961860179901123,0.025172056630253792,0.0,3.535533905932738e-06,0.0007982643437571824,7.1055,30.3778,0.1390247642993927,0.01614929921925068,0.04935357719659805,0.9819828271865845,0.017954107373952866,0.017948070541024208,0.017952198162674904
5350,4851.3751,0.09456449747085571,0.09430497884750366,0.012975997291505337,0.0,3.535533905932738e-06,,7.1055,30.3778,0.10471463948488235,0.01615072973072529,0.0493537038564682,0.9819825291633606,0.017953792586922646,0.017947709187865257,0.017951834946870804
5400,4896.2696,0.12746688723564148,0.12702839076519012,0.02192462421953678,0.0,3.535533905932738e-06,0.0007510834839195013,7.1055,30.3778,0.1294758915901184,0.016152136027812958,0.04935379698872566,0.9819822907447815,0.01795351319015026,0.017947357147932053,0.01795150898396969
5450,4941.5989,0.10222914814949036,0.10196387767791748,0.01326343696564436,0.0,3.535533905932738e-06,,7.1055,30.3778,0.10568682849407196,0.016153430566191673,0.049354031682014465,0.9819819927215576,0.01795314997434616,0.01794700138270855,0.01795114018023014
5500,4986.5155,0.4003520607948303,0.3998536169528961,0.02492177113890648,0.0,3.535533905932738e-06,0.0008465171558782458,7.1055,30.3778,0.1462915688753128,0.016154607757925987,0.0493541955947876,0.9819817543029785,0.017952753230929375,0.017946656793355942,0.017950838431715965
5550,5031.6051,0.05281468480825424,0.05248190462589264,0.0166389811784029,0.0,3.535533905932738e-06,,7.1055,30.3778,0.11559249460697174,0.016156131401658058,0.04935428872704506,0.9819813966751099,0.01795228198170662,0.017946192994713783,0.01795048452913761
5600,5076.6064,0.05671737343072891,0.056330546736717224,0.019341303035616875,0.0,3.535533905932738e-06,0.0006736817304044962,7.1055,30.3778,0.12447929382324219,0.016157280653715134,0.04935428872704506,0.9819811582565308,0.017951957881450653,0.017945855855941772,0.017950205132365227
5650,5122.0995,0.2540193200111389,0.25350818037986755,0.025556666776537895,0.0,3.535533905932738e-06,,7.1055,30.3778,0.14139996469020844,0.016158459708094597,0.04935436695814133,0.9819809198379517,0.017951607704162598,0.017945462837815285,0.017949897795915604
5700,5166.9595,0.056847162544727325,0.056443098932504654,0.020203208550810814,0.0,3.535533905932738e-06,0.0007369157392531633,7.1055,30.3778,0.12859725952148438,0.016159692779183388,0.04935436695814133,0.9819806218147278,0.017951354384422302,0.017945121973752975,0.01794961653649807
5750,5211.7949,0.1816212385892868,0.18122583627700806,0.019770244136452675,0.0,3.535533905932738e-06,,7.1055,30.3778,0.12689264118671417,0.016161201521754265,0.049354422837495804,0.9819803833961487,0.01795104146003723,0.017944734543561935,0.017949296161532402
5800,5256.7122,0.27993452548980713,0.279572457075119,0.018103808164596558,0.0,3.535533905932738e-06,0.0007023367797955871,7.1055,30.3778,0.124575175344944,0.016162622720003128,0.049354586750268936,0.9819800853729248,0.0179507527500391,0.01794441044330597,0.01794900745153427
5850,5302.008,0.024750353768467903,0.024350754916667938,0.019979937002062798,0.0,3.535533905932738e-06,,7.1055,30.3778,0.12915709614753723,0.016164224594831467,0.049354806542396545,0.9819798469543457,0.017950424924492836,0.01794401742517948,0.017948677763342857
5900,5346.9246,0.28076907992362976,0.2805919647216797,0.008855242282152176,0.0,3.535533905932738e-06,0.0004750413354486227,7.1055,30.3778,0.0866946205496788,0.016165537759661674,0.049354858696460724,0.981979489326477,0.017950084060430527,0.01794367842376232,0.01794840767979622
5950,5391.817,0.07587739825248718,0.07550974190235138,0.018382757902145386,0.0,3.535533905932738e-06,,7.1055,30.3778,0.12106496840715408,0.016166822984814644,0.049354858696460724,0.981979250907898,0.017949743196368217,0.017943307757377625,0.0179480891674757
6000,5436.8293,0.07024195790290833,0.07002034038305283,0.011081036180257797,0.0,3.535533905932738e-06,0.0005612901295535266,7.1055,30.3778,0.093687042593956,0.01616792008280754,0.04935484752058983,0.9819790124893188,0.017949480563402176,0.017942987382411957,0.017947833985090256
6050,5482.191,0.3145841956138611,0.31423670053482056,0.017374301329255104,0.0,3.535533905932738e-06,,7.1055,30.3778,0.1233551874756813,0.01616927795112133,0.04935503378510475,0.9819786548614502,0.017949162051081657,0.017942652106285095,0.017947513610124588
6100,5527.2016,0.20172002911567688,0.20137277245521545,0.017362555488944054,0.0,3.535533905932738e-06,0.0007398026064038277,7.1055,30.3778,0.11718911677598953,0.016170291230082512,0.04935520514845848,0.9819784164428711,0.017948804423213005,0.01794227957725525,0.01794721558690071
6150,5572.0981,0.15133020281791687,0.1510946899652481,0.011775691993534565,0.0,3.535533905932738e-06,,7.1055,30.3778,0.09921721369028091,0.016171831637620926,0.04935524985194206,0.9819780588150024,0.01794843003153801,0.01794193498790264,0.017946874722838402
6200,5617.0051,0.1051233559846878,0.10482846200466156,0.014744679443538189,0.0,3.535533905932738e-06,0.0005427438882179558,7.1055,30.3778,0.11080235242843628,0.016173379495739937,0.04935530945658684,0.9819778203964233,0.01794811151921749,0.017941629514098167,0.01794653758406639
6250,5662.4214,0.12856175005435944,0.12824884057044983,0.01564549282193184,0.0,3.535533905932738e-06,,7.1055,30.3778,0.11544079333543777,0.016175031661987305,0.04935554787516594,0.9819775223731995,0.017947804182767868,0.01794128492474556,0.017946232110261917
6300,5707.382,0.15026141703128815,0.150032177567482,0.011461875401437283,0.0,3.535533905932738e-06,0.0005775235476903617,7.1055,30.3778,0.09939410537481308,0.016176655888557434,0.049355700612068176,0.9819772243499756,0.017947524785995483,0.01794091798365116,0.017945939674973488
6350,5752.2284,0.1316612809896469,0.1314598023891449,0.010074282996356487,0.0,3.535533905932738e-06,,7.1055,30.3778,0.09302631765604019,0.016178175806999207,0.04935602843761444,0.9819769859313965,0.017947250977158546,0.017940578982234,0.017945624887943268
6400,5797.1103,0.2235117256641388,0.22314739227294922,0.018216943368315697,0.0,3.535533905932738e-06,0.0007469753618352115,7.1055,30.3778,0.11853748559951782,0.016179503872990608,0.04935616999864578,0.9819768071174622,0.017946980893611908,0.017940301448106766,0.017945367842912674
6450,5842.3886,0.053060706704854965,0.052740875631570816,0.015991471707820892,0.0,3.535533905932738e-06,,7.1055,30.3778,0.11436298489570618,0.01618095673620701,0.04935627430677414,0.9819763898849487,0.017946716398000717,0.017940014600753784,0.01794508844614029
6500,5887.2821,0.1250140219926834,0.12471699714660645,0.014850998297333717,0.0,3.535533905932738e-06,0.0006089455564506352,7.1055,30.3778,0.11093330383300781,0.01618247479200363,0.04935638606548309,0.9819762706756592,0.017946461215615273,0.017939753830432892,0.017944825813174248
6550,5932.1972,0.16446007788181305,0.16423313319683075,0.011347170919179916,0.0,3.535533905932738e-06,,7.1055,30.3778,0.09865637123584747,0.016183894127607346,0.04935638606548309,0.9819759130477905,0.017946165055036545,0.017939426004886627,0.017944464460015297
6600,5977.3105,0.1642453521490097,0.1639280915260315,0.015863148495554924,0.0,3.535533905932738e-06,0.0007129415753297508,7.1055,30.3778,0.11029036343097687,0.016185475513339043,0.04935638606548309,0.9819756746292114,0.01794588193297386,0.01793908141553402,0.01794416271150112
6650,6022.7653,0.14053623378276825,0.14036905765533447,0.008358912542462349,0.0,3.535533905932738e-06,,7.1055,30.3778,0.08508572727441788,0.016187086701393127,0.04935638606548309,0.9819753766059875,0.01794559694826603,0.017938751727342606,0.01794382743537426
6700,6067.7023,0.1671638935804367,0.16692861914634705,0.01176378782838583,0.0,3.535533905932738e-06,0.0005546871107071638,7.1055,30.3778,0.09784872084856033,0.016188262030482292,0.04935638606548309,0.9819751381874084,0.0179453082382679,0.01793838106095791,0.01794351451098919
6750,6112.781,0.14067767560482025,0.14041660726070404,0.013053339906036854,0.0,3.535533905932738e-06,,7.1055,30.3778,0.1038951724767685,0.016189957037568092,0.04935658350586891,0.9819746613502502,0.017944958060979843,0.0179379191249609,0.017943164333701134
6800,6157.6744,0.15114396810531616,0.15074214339256287,0.0200912244617939,0.0,3.535533905932738e-06,0.0007788017392158508,7.1055,30.3778,0.12498754262924194,0.016191761940717697,0.04935688152909279,0.9819744229316711,0.01794470101594925,0.017937541007995605,0.0179428830742836
6850,6203.0513,0.2581959664821625,0.2578601837158203,0.01678844913840294,0.0,3.535533905932738e-06,,7.1055,30.3778,0.11777257919311523,0.016193218529224396,0.04935706406831741,0.9819741249084473,0.01794443279504776,0.017937183380126953,0.017942573875188828
6900,6247.9739,0.45011842250823975,0.4496653974056244,0.022650618106126785,0.0,3.535533905932738e-06,0.0008059979882091284,7.1055,30.3778,0.14449375867843628,0.016194671392440796,0.0493573360145092,0.9819738268852234,0.01794414222240448,0.017936889082193375,0.017942260950803757
6950,6292.9133,0.17110398411750793,0.17073577642440796,0.018410569056868553,0.0,3.535533905932738e-06,,7.1055,30.3778,0.12233145534992218,0.016196411103010178,0.04935755580663681,0.9819734692573547,0.01794377900660038,0.017936494201421738,0.017941901460289955
7000,6337.7319,0.24126854538917542,0.24081093072891235,0.022880883887410164,0.0,3.535533905932738e-06,0.0008570083300583065,7.1055,30.3778,0.13612979650497437,0.016197804361581802,0.049357686191797256,0.9819732308387756,0.017943425104022026,0.017936144024133682,0.01794160157442093
7050,6383.0679,0.20358450710773468,0.20332425832748413,0.013012724928557873,0.0,3.535533905932738e-06,,7.1055,30.3778,0.10468076169490814,0.016199752688407898,0.04935769736766815,0.9819729328155518,0.017943110316991806,0.01793578639626503,0.017941275611519814
7100,6428.0179,0.12308482080698013,0.12276698648929596,0.015891648828983307,0.0,3.535533905932738e-06,0.0006155005539767444,7.1055,30.3778,0.11547049880027771,0.0162015650421381,0.04935769736766815,0.9819726943969727,0.01794285885989666,0.01793546788394451,0.01794099621474743
7150,6472.8599,0.0887022614479065,0.08852408081293106,0.008908993564546108,0.0,3.535533905932738e-06,,7.1055,30.3778,0.08588365465402603,0.016203200444579124,0.04935769736766815,0.9819723963737488,0.01794254221022129,0.01793506368994713,0.017940698191523552
7200,6517.722,0.1550699919462204,0.15481233596801758,0.01288272999227047,0.0,3.535533905932738e-06,0.0005620083538815379,7.1055,30.3778,0.10595442354679108,0.016204893589019775,0.049357686191797256,0.9819720983505249,0.017942208796739578,0.017934676259756088,0.01794041506946087
7250,6562.9848,0.1722099632024765,0.1719852238893509,0.01123680267482996,0.0,3.535533905932738e-06,,7.1055,30.3778,0.09726174175739288,0.016206571832299232,0.049357686191797256,0.981971800327301,0.01794186234474182,0.017934298142790794,0.017940109595656395
7300,6608.0209,0.23351198434829712,0.23312689363956451,0.019254464656114578,0.0,3.535533905932738e-06,0.0007274976233020425,7.1055,30.3778,0.1268790066242218,0.016207966953516006,0.04935774207115173,0.9819715023040771,0.01794159971177578,0.017934003844857216,0.017939824610948563
7350,6652.9698,0.4215328097343445,0.42117729783058167,0.01777617633342743,0.0,3.535533905932738e-06,,7.1055,30.3778,0.11946675926446915,0.016209222376346588,0.04935789108276367,0.981971263885498,0.01794126257300377,0.017933625727891922,0.01793951541185379
7400,6697.9334,0.1032293513417244,0.10300078988075256,0.01142823789268732,0.0,3.535533905932738e-06,0.0005368709098547697,7.1055,30.3778,0.09703555703163147,0.016210371628403664,0.049358051270246506,0.9819709658622742,0.017940983176231384,0.017933279275894165,0.017939232289791107
7450,6743.3082,0.07499903440475464,0.07478176057338715,0.010863532312214375,0.0,3.535533905932738e-06,,7.1055,30.3778,0.09390068799257278,0.01621144451200962,0.04935821518301964,0.9819706082344055,0.017940644174814224,0.017932917922735214,0.01793893799185753
7500,6788.4198,0.04832901805639267,0.04813724011182785,0.009588910266757011,0.0,3.535533905932738e-06,0.00045321419020183384,7.1055,30.3778,0.09152337908744812,0.016212506219744682,0.04935821518301964,0.9819704294204712,0.017940349876880646,0.01793251372873783,0.01793866977095604
7550,6839.2809,0.14723849296569824,0.1467905342578888,0.02239764854311943,0.0,3.535533905932738e-06,,7.1055,30.3778,0.13620829582214355,0.016214100643992424,0.049358293414115906,0.9819701313972473,0.017940085381269455,0.01793215051293373,0.017938386648893356
7600,6884.1515,0.2362881451845169,0.23605379462242126,0.011717814020812511,0.0,3.535533905932738e-06,0.000616413657553494,7.1055,30.3778,0.10172393172979355,0.016215456649661064,0.04935845360159874,0.9819698929786682,0.017939841374754906,0.017931845039129257,0.01793809048831463
7650,6929.4844,0.5967832207679749,0.5963773727416992,0.0202920064330101,0.0,3.535533905932738e-06,,7.1055,30.3778,0.129072904586792,0.016217047348618507,0.04935847595334053,0.9819695949554443,0.017939580604434013,0.017931513488292694,0.01793781854212284
7700,6974.3622,0.2926385998725891,0.29236310720443726,0.013775051571428776,0.0,3.535533905932738e-06,0.0006134468712843955,7.1055,30.3778,0.11082775145769119,0.016218416392803192,0.049358636140823364,0.9819693565368652,0.01793934777379036,0.01793120615184307,0.01793758198618889
7750,7019.2418,0.08837257325649261,0.08824177831411362,0.006539786700159311,0.0,3.535533905932738e-06,,7.1055,30.3778,0.07511195540428162,0.01622006855905056,0.04935873672366142,0.9819691181182861,0.01793905533850193,0.017930883914232254,0.01793728768825531
7800,7064.1796,0.3028644621372223,0.3025764226913452,0.014402293600142002,0.0,3.535533905932738e-06,0.0005996032850816846,7.1055,30.3778,0.11416445672512054,0.016221536323428154,0.049358855932950974,0.9819687604904175,0.017938757315278053,0.017930593341588974,0.01793699525296688
7850,7109.569,0.16918252408504486,0.16881731152534485,0.01826096884906292,0.0,3.535533905932738e-06,,7.1055,30.3778,0.12108419090509415,0.016223113983869553,0.049359098076820374,0.9819684624671936,0.017938414588570595,0.01793023571372032,0.017936667427420616
7900,7154.4405,0.04936261847615242,0.04917493462562561,0.009384183213114738,0.0,3.535533905932738e-06,0.0004737127455882728,7.1055,30.3778,0.08811474591493607,0.016224434599280357,0.04935929551720619,0.981968104839325,0.01793813519179821,0.017929930239915848,0.017936427146196365
7950,7199.4516,0.20824836194515228,0.20808273553848267,0.008281436748802662,0.0,3.535533905932738e-06,,7.1055,30.3778,0.08438649773597717,0.01622573286294937,0.04935944080352783,0.9819679260253906,0.017937814816832542,0.01792965829372406,0.017936181277036667
8000,7244.4757,0.1422228068113327,0.1419716328382492,0.012558961287140846,0.0,3.535533905932738e-06,0.0005813790485262871,7.1055,30.3778,0.10224444419145584,0.01622714288532734,0.049359578639268875,0.981967568397522,0.017937559634447098,0.017929399386048317,0.017935894429683685
8050,7289.7449,0.2155933976173401,0.21492356061935425,0.03349171206355095,0.0,3.535533905932738e-06,,7.1055,30.3778,0.1534028798341751,0.01622859016060829,0.04935964569449425,0.9819672703742981,0.01793731190264225,0.01792915165424347,0.01793559640645981
8100,7334.5772,0.19560684263706207,0.19531944394111633,0.014370138756930828,0.0,3.535533905932738e-06,0.0006098108715377748,7.1055,30.3778,0.10810639709234238,0.016230043023824692,0.04935978725552559,0.981967031955719,0.01793711632490158,0.01792892813682556,0.017935294657945633
8150,7379.5419,0.02965519018471241,0.029408685863018036,0.01232526171952486,0.0,3.535533905932738e-06,,7.1055,30.3778,0.10118134319782257,0.016231510788202286,0.049359798431396484,0.9819667339324951,0.017936868593096733,0.017928624525666237,0.01793496310710907
8200,7424.5239,0.2090492993593216,0.20868808031082153,0.01806103065609932,0.0,3.535533905932738e-06,0.0007463793153874576,7.1055,30.3778,0.12213567644357681,0.016232898458838463,0.049359798431396484,0.981966495513916,0.01793663203716278,0.017928294837474823,0.017934661358594894
8250,7469.9559,0.380954772233963,0.38066530227661133,0.01447378285229206,0.0,3.535533905932738e-06,,7.1055,30.3778,0.11573678255081177,0.0162345077842474,0.049359824508428574,0.9819661378860474,0.017936302348971367,0.017927950248122215,0.017934316769242287
8300,7514.816,0.07638764381408691,0.07621589303016663,0.008587496355175972,0.0,3.535533905932738e-06,0.0003997554595116526,7.1055,30.3778,0.08427808433771133,0.016235584393143654,0.049359824508428574,0.9819658994674683,0.017936062067747116,0.01792767085134983,0.017934022471308708
8350,7559.7802,0.12099074572324753,0.12070406228303909,0.014334224164485931,0.0,3.535533905932738e-06,,7.1055,30.3778,0.10920825600624084,0.016237055882811546,0.049359891563653946,0.9819656014442444,0.01793578639626503,0.01792735792696476,0.017933739349246025
8400,7604.7017,0.14358194172382355,0.14326082170009613,0.016055699437856674,0.0,3.535533905932738e-06,0.0006347870221361518,7.1055,30.3778,0.11402256786823273,0.016238350421190262,0.04935991391539574,0.9819653034210205,0.01793557032942772,0.017927058041095734,0.01793348789215088
8450,7649.9587,0.05267876386642456,0.05246584117412567,0.010646064765751362,0.0,3.535533905932738e-06,,7.1055,30.3778,0.09390567988157272,0.016239941120147705,0.04936005175113678,0.9819650650024414,0.017935294657945633,0.017926735803484917,0.017933178693056107
8500,7694.8671,0.10286056995391846,0.10255153477191925,0.015451917424798012,0.0,3.535533905932738e-06,0.0005931442719884217,7.1055,30.3778,0.10923440754413605,0.016241205856204033,0.04936012253165245,0.9819647073745728,0.017934978008270264,0.017926424741744995,0.017932888120412827
8550,7739.7803,0.07093881815671921,0.07053975015878677,0.019953250885009766,0.0,3.535533905932738e-06,,7.1055,30.3778,0.12756197154521942,0.016242602840065956,0.04936018958687782,0.9819644093513489,0.017934588715434074,0.01792605035007,0.017932526767253876
8600,7784.9201,0.1200549304485321,0.119712695479393,0.0171116441488266,0.0,3.535533905932738e-06,0.000593587348703295,7.1055,30.3778,0.1168045699596405,0.016244065016508102,0.049360327422618866,0.9819641709327698,0.017934255301952362,0.017925698310136795,0.017932172864675522
8650,7830.2486,0.23966391384601593,0.23935380578041077,0.0155050503090024,0.0,3.535533905932738e-06,,7.1055,30.3778,0.11178016662597656,0.01624555140733719,0.049360476434230804,0.9819638133049011,0.017933933064341545,0.017925314605236053,0.01793176867067814
8700,7875.1523,0.26042506098747253,0.2602311372756958,0.009696751832962036,0.0,3.535533905932738e-06,0.0005643141339533031,7.1055,30.3778,0.09101320058107376,0.016247030347585678,0.049360569566488266,0.9819636344909668,0.017933601513504982,0.01792496256530285,0.0179314985871315
8750,7919.9688,0.1495712399482727,0.14950133860111237,0.0034950068220496178,0.0,3.535533905932738e-06,,7.1055,30.3778,0.05700584128499031,0.01624867506325245,0.049360670149326324,0.9819632768630981,0.017933262512087822,0.01792457513511181,0.017931219190359116
8800,7964.9067,0.027522467076778412,0.027319954708218575,0.01012558862566948,0.0,3.535533905932738e-06,0.0004832926788367331,7.1055,30.3778,0.09295983612537384,0.016250044107437134,0.04936080798506737,0.9819629192352295,0.01793300174176693,0.017924237996339798,0.017930960282683372
8850,8010.182,0.056493308395147324,0.05626988410949707,0.011171264573931694,0.0,3.535533905932738e-06,,7.1055,30.3778,0.09891359508037567,0.01625129021704197,0.04936085268855095,0.9819626808166504,0.01793266087770462,0.017923854291439056,0.01793067902326584
8900,8055.0767,0.10147415101528168,0.10119545459747314,0.013934992253780365,0.0,3.535533905932738e-06,0.0006204969831742346,7.1055,30.3778,0.10649574548006058,0.0162527933716774,0.04936085268855095,0.9819623827934265,0.017932364717125893,0.017923489212989807,0.017930414527654648
8950,8100.1154,0.07969262450933456,0.07944515347480774,0.012373711913824081,0.0,3.535533905932738e-06,,7.1055,30.3778,0.10154734551906586,0.016254212707281113,0.049360912293195724,0.9819620251655579,0.017931947484612465,0.01792309433221817,0.017930127680301666
9000,8145.1871,0.05195134878158569,0.0517456941306591,0.010282764211297035,0.0,3.535533905932738e-06,0.00047627781168557703,7.1055,30.3778,0.0930362120270729,0.016255326569080353,0.04936104640364647,0.9819617867469788,0.017931606620550156,0.017922738566994667,0.017929822206497192
9050,8190.5483,0.11242035031318665,0.11215642839670181,0.013196193613111973,0.0,3.535533905932738e-06,,7.1055,30.3778,0.1029834970831871,0.016256408765912056,0.049361199140548706,0.9819614887237549,0.01793130859732628,0.017922384664416313,0.01792946830391884
9100,8235.4828,0.12457548081874847,0.12432974576950073,0.012286919169127941,0.0,3.535533905932738e-06,0.000631473318208009,7.1055,30.3778,0.10098996013402939,0.01625770889222622,0.04936124011874199,0.9819612503051758,0.017931006848812103,0.01792200468480587,0.017929118126630783
9150,8280.3908,0.020335132256150246,0.020208105444908142,0.006351330317556858,0.0,3.535533905932738e-06,,7.1055,30.3778,0.07345583289861679,0.016259117051959038,0.04936131462454796,0.9819608330726624,0.01793067902326584,0.017921606078743935,0.017928699031472206
9200,8325.4401,0.20126968622207642,0.20101982355117798,0.012493276037275791,0.0,3.535533905932738e-06,0.000562557834200561,7.1055,30.3778,0.10216887295246124,0.01626034826040268,0.049361392855644226,0.9819605946540833,0.017930394038558006,0.017921261489391327,0.017928343266248703
9250,8370.7413,0.15435673296451569,0.15423665940761566,0.006003852002322674,0.0,3.535533905932738e-06,,7.1055,30.3778,0.07142391800880432,0.0162618700414896,0.04936143010854721,0.9819602966308594,0.017930109053850174,0.017920920625329018,0.01792801357805729
9300,8415.7117,0.1978648453950882,0.19760693609714508,0.012895451858639717,0.0,3.535533905932738e-06,0.0005786928231827915,7.1055,30.3778,0.10559605062007904,0.016263209283351898,0.04936143010854721,0.9819599390029907,0.017929844558238983,0.017920589074492455,0.017927728593349457
9350,8460.5405,0.1522078812122345,0.1519738733768463,0.011700686067342758,0.0,3.535533905932738e-06,,7.1055,30.3778,0.09927253425121307,0.01626470498740673,0.04936143010854721,0.9819596409797668,0.01792958378791809,0.0179202388972044,0.017927400767803192
9400,8505.4949,0.3107869029045105,0.31049495935440063,0.014597203582525253,0.0,3.535533905932738e-06,0.0006256775814108551,7.1055,30.3778,0.10923619568347931,0.01626656763255596,0.04936143755912781,0.9819594025611877,0.017929309979081154,0.017919903621077538,0.017927110195159912
9450,8550.7588,0.2845529615879059,0.2842215299606323,0.0165722593665123,0.0,3.535533905932738e-06,,7.1055,30.3778,0.12039771676063538,0.016268178820610046,0.04936152324080467,0.9819590449333191,0.01792905479669571,0.017919525504112244,0.017926791682839394
9500,8595.5705,0.27871736884117126,0.27852198481559753,0.00976978987455368,0.0,3.535533905932738e-06,0.0005523574072867632,7.1055,30.3778,0.09201543778181076,0.016269469633698463,0.04936164617538452,0.9819588661193848,0.017928818240761757,0.017919205129146576,0.017926538363099098
9550,8640.445,0.1371012181043625,0.13683894276618958,0.013113532215356827,0.0,3.535533905932738e-06,,7.1055,30.3778,0.10476044565439224,0.016270900145173073,0.04936166852712631,0.9819585680961609,0.017928559333086014,0.017918866127729416,0.017926236614584923
9600,8685.2865,0.16202911734580994,0.16179941594600677,0.011484981514513493,0.0,3.535533905932738e-06,0.0006696355994790792,7.1055,30.3778,0.09830393642187119,0.016272377222776413,0.0493617057800293,0.9819581508636475,0.017928307875990868,0.017918569967150688,0.017925966531038284
9650,8730.6486,0.09527847170829773,0.09515395760536194,0.00622562225908041,0.0,3.535533905932738e-06,,7.1055,30.3778,0.0723210796713829,0.0162742231041193,0.04936171695590019,0.9819579124450684,0.01792803406715393,0.017918217927217484,0.017925718799233437
9700,8775.596,0.10673052817583084,0.10643871873617172,0.01459038257598877,0.0,3.535533905932738e-06,0.0005477867089211941,7.1055,30.3778,0.10939516872167587,0.01627604477107525,0.049361828714609146,0.9819576144218445,0.017927728593349457,0.01791790872812271,0.017925433814525604
9750,8820.5013,0.07769234478473663,0.077401302754879,0.014552177861332893,0.0,3.535533905932738e-06,,7.1055,30.3778,0.10909125953912735,0.016277939081192017,0.04936198890209198,0.981957197189331,0.017927376553416252,0.017917539924383163,0.01792507991194725
9800,8865.551,0.10407327115535736,0.1039179116487503,0.007767937146127224,0.0,3.535533905932738e-06,0.0004335020494181663,7.1055,30.3778,0.08462300151586533,0.016279881820082664,0.04936205595731735,0.981956958770752,0.017927011474967003,0.017917141318321228,0.01792473904788494
9850,8910.8418,0.1506524384021759,0.15042752027511597,0.011245707049965858,0.0,3.535533905932738e-06,,7.1055,30.3778,0.0957450196146965,0.01628180593252182,0.04936208203434944,0.9819564819335938,0.017926612868905067,0.017916692420840263,0.01792432926595211
9900,8955.7516,0.14803041517734528,0.14771485328674316,0.015778115019202232,0.0,3.535533905932738e-06,0.0005878417869098485,7.1055,30.3778,0.11315955966711044,0.016283392906188965,0.04936210811138153,0.9819561839103699,0.017926273867487907,0.01791634038090706,0.017923980951309204
9950,9000.5809,0.1940353959798813,0.1938464492559433,0.009447511285543442,0.0,3.535533905932738e-06,,7.1055,30.3778,0.08906041085720062,0.016285261139273643,0.04936210811138153,0.9819558262825012,0.017925936728715897,0.017915930598974228,0.01792360283434391
10000,9045.4097,0.3103163540363312,0.3101493716239929,0.008349464274942875,0.0,3.535533905932738e-06,0.0005216170102357864,7.1055,30.3778,0.08486474305391312,0.016286853700876236,0.049362197518348694,0.9819555878639221,0.017925573512911797,0.017915574833750725,0.01792328990995884
10050,9096.2498,0.21294257044792175,0.21270334720611572,0.011961258016526699,0.0,3.535533905932738e-06,,7.1055,30.3778,0.10145087540149689,0.01628829911351204,0.049362242221832275,0.9819552302360535,0.01792529597878456,0.017915256321430206,0.017922990024089813
10100,9141.3206,0.31092631816864014,0.31071484088897705,0.010573234409093857,0.0,3.535533905932738e-06,0.0006773624336346984,7.1055,30.3778,0.09459914267063141,0.01628967560827732,0.049362242221832275,0.9819548726081848,0.017925074324011803,0.017914993688464165,0.017922738566994667
10150,9186.355,0.12188562005758286,0.12170776724815369,0.0088927848264575,0.0,3.535533905932738e-06,,7.1055,30.3778,0.08752740174531937,0.016291392967104912,0.049362264573574066,0.9819546341896057,0.01792484149336815,0.017914695665240288,0.01792248524725437
10200,9231.2909,0.1432328075170517,0.14303994178771973,0.009643593803048134,0.0,3.535533905932738e-06,0.0005354494787752628,7.1055,30.3778,0.09148145467042923,0.016292860731482506,0.04936227574944496,0.9819543361663818,0.017924632877111435,0.01791440322995186,0.01792224496603012
10250,9276.5639,0.20650364458560944,0.2064143866300583,0.004463074263185263,0.0,3.535533905932738e-06,,7.1055,30.3778,0.06418944895267487,0.016294458881020546,0.049362342804670334,0.9819539189338684,0.017924364656209946,0.01791403815150261,0.01792195253074169
10300,9321.4801,0.1408940851688385,0.14076370000839233,0.006519262213259935,0.0,3.535533905932738e-06,0.0004451054846867919,7.1055,30.3778,0.0749911293387413,0.016295751556754112,0.049362342804670334,0.9819537401199341,0.0179241131991148,0.017913736402988434,0.01792169362306595
10350,9366.2902,0.09097100794315338,0.0908283144235611,0.007134598214179277,0.0,3.535533905932738e-06,,7.1055,30.3778,0.0780695453286171,0.016297155991196632,0.049362342804670334,0.9819534420967102,0.017923859879374504,0.017913466319441795,0.01792144775390625
10400,9411.2298,0.15828783810138702,0.15807196497917175,0.010793743655085564,0.0,3.535533905932738e-06,0.0004801252216566354,7.1055,30.3778,0.09331788867712021,0.016298523172736168,0.04936239495873451,0.9819531440734863,0.01792355626821518,0.01791319251060486,0.017921192571520805
10450,9456.5809,0.08191701024770737,0.08166880160570145,0.012410587631165981,0.0,3.535533905932738e-06,,7.1055,30.3778,0.10099612176418304,0.016300054267048836,0.049362435936927795,0.9819528460502625,0.017923248931765556,0.0179128497838974,0.01792091690003872
10500,9501.5084,0.11876410990953445,0.11857175081968307,0.009617937728762627,0.0,3.535533905932738e-06,0.0004552596074063331,7.1055,30.3778,0.08818050473928452,0.016301579773426056,0.04936247318983078,0.9819524884223938,0.017923004925251007,0.017912566661834717,0.01792064867913723
10550,9546.3229,0.15231643617153168,0.15203267335891724,0.014187836088240147,0.0,3.535533905932738e-06,,7.1055,30.3778,0.1077723279595375,0.016303235664963722,0.04936254024505615,0.9819521903991699,0.01792270503938198,0.01791222207248211,0.01792035438120365
10600,9591.2503,0.1755991131067276,0.17545054852962494,0.00742811756208539,0.0,3.535533905932738e-06,0.0004607596783898771,7.1055,30.3778,0.07941538095474243,0.01630457676947117,0.049362555146217346,0.981951892375946,0.017922470346093178,0.01791193336248398,0.017920102924108505
10650,9636.4929,0.21208477020263672,0.21191349625587463,0.008563465438783169,0.0,3.535533905932738e-06,,7.1055,30.3778,0.08482950180768967,0.01630624197423458,0.04936262592673302,0.9819515943527222,0.0179221760481596,0.017911631613969803,0.01791984774172306
10700,9681.2475,0.2465883046388626,0.2463565170764923,0.01158915739506483,0.0,3.535533905932738e-06,0.0006136648589745164,7.1055,30.3778,0.0970630794763565,0.016307825222611427,0.04936262592673302,0.9819512963294983,0.017921868711709976,0.01791129820048809,0.017919592559337616
10750,9725.9979,0.30562642216682434,0.30529677867889404,0.01648259162902832,0.0,3.535533905932738e-06,,7.1055,30.3778,0.11631131172180176,0.016309542581439018,0.04936262592673302,0.9819509387016296,0.017921535298228264,0.017910925671458244,0.01791926845908165
10800,9770.8451,0.3252473473548889,0.3249815106391907,0.013291727751493454,0.0,3.535533905932738e-06,0.0006301780231297016,7.1055,30.3778,0.10540886968374252,0.016311610117554665,0.04936264455318451,0.9819506406784058,0.017921214923262596,0.01791056990623474,0.017918968573212624
10850,9816.2146,0.12671183049678802,0.12647320330142975,0.011931220069527626,0.0,3.535533905932738e-06,,7.1055,30.3778,0.0988171398639679,0.016313081607222557,0.04936279356479645,0.9819503426551819,0.01792088709771633,0.01791023649275303,0.01791870966553688
10900,9861.1994,0.1758299469947815,0.17571042478084564,0.005976066458970308,0.0,3.535533905932738e-06,0.00039751845179125667,7.1055,30.3778,0.0727153867483139,0.016314204782247543,0.04936293140053749,0.981950044631958,0.01792065240442753,0.017909977585077286,0.017918450757861137
10950,9906.0794,0.07034369558095932,0.07015824317932129,0.00927258562296629,0.0,3.535533905932738e-06,,7.1055,30.3778,0.08689083904027939,0.01631520874798298,0.04936302453279495,0.9819496870040894,0.01792038418352604,0.017909687012434006,0.017918162047863007
11000,9951.0385,0.21040993928909302,0.21020865440368652,0.010063925758004189,0.0,3.535533905932738e-06,0.0005475870566442609,7.1055,30.3778,0.09211207926273346,0.016316432505846024,0.04936317354440689,0.9819494485855103,0.017920149490237236,0.017909402027726173,0.017917906865477562
11050,9996.4178,0.23029808700084686,0.23006439208984375,0.011684930883347988,0.0,3.535533905932738e-06,,7.1055,30.3778,0.09858442097902298,0.016317764297127724,0.04936332255601883,0.9819491505622864,0.01791987754404545,0.017909139394760132,0.017917629331350327
11100,10041.3158,0.09026774764060974,0.09005153924226761,0.010810262523591518,0.0,3.535533905932738e-06,0.00043963929056189954,7.1055,30.3778,0.09367158263921738,0.01631910353899002,0.049363430589437485,0.9819488525390625,0.017919618636369705,0.01790887489914894,0.01791735365986824
11150,10086.141,0.06606066972017288,0.06591533869504929,0.007266449276357889,0.0,3.535533905932738e-06,,7.1055,30.3778,0.07834149897098541,0.01632057875394821,0.04936356469988823,0.9819484949111938,0.017919331789016724,0.01790858618915081,0.017917051911354065
11200,10130.9825,0.11804616451263428,0.11792702972888947,0.005956617183983326,0.0,3.535533905932738e-06,0.00042565559851936996,7.1055,30.3778,0.07180409878492355,0.01632167026400566,0.049363795667886734,0.98194819688797,0.017919078469276428,0.017908340319991112,0.017916791141033173
11250,10176.3195,0.14621704816818237,0.1459224969148636,0.014727829024195671,0.0,3.535533905932738e-06,,7.1055,30.3778,0.11112667620182037,0.016323190182447433,0.049363963305950165,0.9819478988647461,0.017918836325407028,0.01790803298354149,0.017916468903422356
11300,10221.5403,0.10760468244552612,0.10747835040092468,0.006316490937024355,0.0,3.535533905932738e-06,0.000416223774664104,7.1055,30.3778,0.07352122664451599,0.016324447467923164,0.049364034086465836,0.9819476008415222,0.017918594181537628,0.017907744273543358,0.01791616529226303
11350,10267.0632,0.11977904289960861,0.11959914863109589,0.008994683623313904,0.0,3.535533905932738e-06,,7.1055,30.3778,0.08627324551343918,0.01632576622068882,0.04936404526233673,0.9819472432136536,0.01791827753186226,0.01790742017328739,0.017915848642587662
11400,10312.8048,0.06491796672344208,0.06479671597480774,0.006062702275812626,0.0,3.535533905932738e-06,0.0003676233463920653,7.1055,30.3778,0.07288454473018646,0.01632709428668022,0.04936409369111061,0.9819469451904297,0.017917988821864128,0.017907103523612022,0.01791555993258953
11450,10358.8905,0.03165743499994278,0.03149048238992691,0.008347723633050919,0.0,3.535533905932738e-06,,7.1055,30.3778,0.08481105417013168,0.01632864587008953,0.04936409369111061,0.9819466471672058,0.017917651683092117,0.017906785011291504,0.017915328964591026
11500,10404.8168,0.17014016211032867,0.16997301578521729,0.008357539772987366,0.0,3.535533905932738e-06,0.0004986202693544328,7.1055,30.3778,0.08470658212900162,0.016330059617757797,0.04936409369111061,0.9819463491439819,0.017917288467288017,0.0179064329713583,0.017915118485689163
11550,10450.0525,0.29449960589408875,0.2942652404308319,0.011718661524355412,0.0,3.535533905932738e-06,,7.1055,30.3778,0.10006480664014816,0.01633198745548725,0.04936438053846359,0.9819460511207581,0.01791699230670929,0.01790606789290905,0.017914844676852226
11600,10495.1937,0.28673627972602844,0.28655433654785156,0.009096505120396614,0.0,3.535533905932738e-06,0.0005036451038904488,7.1055,30.3778,0.08875007927417755,0.016333891078829765,0.04936456307768822,0.9819456934928894,0.017916735261678696,0.01790575683116913,0.01791456900537014
11650,10540.6533,0.11166699230670929,0.1115126758813858,0.007715651765465736,0.0,3.535533905932738e-06,,7.1055,30.3778,0.08008651435375214,0.01633557677268982,0.049364689737558365,0.9819453358650208,0.017916450276970863,0.017905419692397118,0.017914261668920517
11700,10585.6638,0.10651261359453201,0.10631927847862244,0.009666628204286098,0.0,3.535533905932738e-06,0.0005302521749399602,7.1055,30.3778,0.09207423031330109,0.016337186098098755,0.04936479404568672,0.9819452166557312,0.017916202545166016,0.01790512539446354,0.017913978546857834
11750,10630.9229,0.1091160774230957,0.10896892845630646,0.007357385009527206,0.0,3.535533905932738e-06,,7.1055,30.3778,0.07936439663171768,0.01633891835808754,0.04936487227678299,0.9819447994232178,0.017915964126586914,0.01790481060743332,0.01791369915008545
11800,10675.9728,0.19750185310840607,0.19733458757400513,0.008363029919564724,0.0,3.535533905932738e-06,0.0005275799194350839,7.1055,30.3778,0.08435291796922684,0.016340605914592743,0.04936493933200836,0.9819444417953491,0.01791563257575035,0.017904482781887054,0.01791335456073284
11850,10721.4194,0.08198469132184982,0.08179982006549835,0.0092436783015728,0.0,3.535533905932738e-06,,7.1055,30.3778,0.08735591918230057,0.01634260080754757,0.04936493933200836,0.9819441437721252,0.0179152749478817,0.017904093489050865,0.017913037911057472
11900,10767.242,0.14707231521606445,0.14682301878929138,0.012464921921491623,0.0,3.535533905932738e-06,0.0007354638073593378,7.1055,30.3778,0.10083504766225815,0.01634429581463337,0.04936493933200836,0.9819437861442566,0.017914986237883568,0.017903774976730347,0.017912771552801132
11950,10812.5704,0.20780207216739655,0.20758724212646484,0.010741415433585644,0.0,3.535533905932738e-06,,7.1055,30.3778,0.09435556083917618,0.016346467658877373,0.04936503618955612,0.9819434285163879,0.017914660274982452,0.017903413623571396,0.01791246049106121
12000,10858.0681,0.12095322459936142,0.12079741805791855,0.007790426257997751,0.0,3.535533905932738e-06,0.00042616299469955266,7.1055,30.3778,0.08051029592752457,0.016348104923963547,0.049365103244781494,0.9819431900978088,0.017914388328790665,0.017903098836541176,0.01791217364370823
12050,10904.2376,0.05555471032857895,0.05542771518230438,0.0063497149385511875,0.0,3.535533905932738e-06,,7.1055,30.3778,0.07214048504829407,0.016349930316209793,0.04936525225639343,0.9819428324699402,0.017914053052663803,0.017902720719575882,0.017911873757839203
12100,10950.2101,0.1694812774658203,0.16929566860198975,0.00928036030381918,0.0,3.535533905932738e-06,0.0005395144107751548,7.1055,30.3778,0.08782605826854706,0.01635127328336239,0.049365364015102386,0.9819425344467163,0.017913738265633583,0.017902426421642303,0.017911667004227638
12150,10996.0789,0.2554158568382263,0.2552209198474884,0.009747453033924103,0.0,3.535533905932738e-06,,7.1055,30.3778,0.0900992676615715,0.016352878883481026,0.04936551675200462,0.9819422364234924,0.01791340671479702,0.017902040854096413,0.017911367118358612
12200,11042.0786,0.16023148596286774,0.15989254415035248,0.01694720797240734,0.0,3.535533905932738e-06,0.0007648536702618003,7.1055,30.3778,0.11750955134630203,0.016354242339730263,0.04936552792787552,0.9819419384002686,0.017913097515702248,0.01790175400674343,0.017911072820425034
12250,11088.3349,0.04713311418890953,0.047024235129356384,0.005443941336125135,0.0,3.535533905932738e-06,,7.1055,30.3778,0.0687921792268753,0.016356032341718674,0.04936554282903671,0.9819415807723999,0.01791275292634964,0.017901426181197166,0.01791076734662056
12300,11134.1161,0.02662762813270092,0.026517417281866074,0.005510557908564806,0.0,3.535533905932738e-06,0.0003585581434890628,7.1055,30.3778,0.06880203634500504,0.01635749824345112,0.0493655763566494,0.9819413423538208,0.017912473529577255,0.01790117286145687,0.0179105494171381
12350,11179.9532,0.34882479906082153,0.34866076707839966,0.00820097140967846,0.0,3.535533905932738e-06,,7.1055,30.3778,0.08378852158784866,0.01635897532105446,0.04936559498310089,0.9819409847259521,0.017912190407514572,0.01790093258023262,0.01791032962501049
12400,11226.0295,0.0523579865694046,0.05223435163497925,0.006181793753057718,0.0,3.535533905932738e-06,0.00035965931601822376,7.1055,30.3778,0.07342396676540375,0.01636074110865593,0.04936568811535835,0.981940746307373,0.017911911010742188,0.017900656908750534,0.017910081893205643
12450,11272.3414,0.16661080718040466,0.16645069420337677,0.008005349896848202,0.0,3.535533905932738e-06,,7.1055,30.3778,0.08218756318092346,0.016362594440579414,0.049365848302841187,0.9819403290748596,0.01791159249842167,0.017900314182043076,0.017909765243530273
12500,11318.2218,0.11575587838888168,0.11563915014266968,0.005836229305714369,0.0,3.535533905932738e-06,0.00038872368168085814,7.1055,30.3778,0.07018625736236572,0.016364160925149918,0.04936587065458298,0.9819400906562805,0.017911354079842567,0.017899999395012856,0.017909495159983635
12550,11371.8184,0.18306522071361542,0.18284836411476135,0.010842905379831791,0.0,3.535533905932738e-06,,7.1055,30.3778,0.09627776592969894,0.016365928575396538,0.04936587065458298,0.9819396734237671,0.017911097034811974,0.017899658530950546,0.017909221351146698
12600,11417.4864,0.07381916791200638,0.07351166009902954,0.015375437214970589,0.0,3.535533905932738e-06,0.0006055834237486124,7.1055,30.3778,0.10870840400457382,0.016367211937904358,0.049365948885679245,0.9819393754005432,0.01791088655591011,0.01789933070540428,0.017908919602632523
12650,11463.6448,0.14482703804969788,0.14465884864330292,0.008409291505813599,0.0,3.535533905932738e-06,,7.1055,30.3778,0.08585240691900253,0.01636878028512001,0.04936598613858223,0.9819390773773193,0.017910562455654144,0.01789892092347145,0.017908582463860512
12700,11509.6212,0.20007827877998352,0.19995301961898804,0.006262864451855421,0.0,3.535533905932738e-06,0.0005263492930680513,7.1055,30.3778,0.07344016432762146,0.01637027971446514,0.04936598613858223,0.9819386601448059,0.017910314723849297,0.017898589372634888,0.017908258363604546
12750,11555.5602,0.10663209110498428,0.10646124929189682,0.008541949093341827,0.0,3.535533905932738e-06,,7.1055,30.3778,0.08465626835823059,0.01637195609509945,0.04936603456735611,0.9819382429122925,0.017910003662109375,0.017898239195346832,0.017907951027154922
12800,11601.5085,0.026624741032719612,0.02654484659433365,0.0039947014302015305,0.0,3.535533905932738e-06,0.00036351900780573487,7.1055,30.3778,0.059770237654447556,0.01637336239218712,0.04936609044671059,0.9819380044937134,0.017909759655594826,0.017897948622703552,0.01790766976773739
12850,11647.5211,0.5367266535758972,0.5364816188812256,0.012250960804522038,0.0,3.535533905932738e-06,,7.1055,30.3778,0.10323479026556015,0.016374938189983368,0.049366261810064316,0.9819376468658447,0.01790951006114483,0.01789768785238266,0.017907356843352318
12900,11693.2011,0.2033807784318924,0.20326411724090576,0.0058331177569925785,0.0,3.535533905932738e-06,0.00042535405373200774,7.1055,30.3778,0.07110404223203659,0.016376525163650513,0.04936637729406357,0.9819374084472656,0.017909279093146324,0.017897402867674828,0.01790705882012844
12950,11738.7078,0.08702770620584488,0.08690249919891357,0.0062603335827589035,0.0,3.535533905932738e-06,,7.1055,30.3778,0.07314977049827576,0.016378402709960938,0.049366530030965805,0.981937050819397,0.017909009009599686,0.01789707876741886,0.017906678840517998
13000,11784.2349,0.12408255785703659,0.12388265877962112,0.009994890540838242,0.0,3.535533905932738e-06,0.00048562511801719666,7.1055,30.3778,0.0908438041806221,0.01638009212911129,0.04936658591032028,0.9819366335868835,0.01790873147547245,0.017896737903356552,0.01790638640522957
13050,11830.4324,0.20505329966545105,0.204843670129776,0.010481218807399273,0.0,3.535533905932738e-06,,7.1055,30.3778,0.09189286082983017,0.016381971538066864,0.04936658591032028,0.9819363355636597,0.017908331006765366,0.017896359786391258,0.0179060660302639
13100,11876.2802,0.1406269073486328,0.14045262336730957,0.00871389638632536,0.0,3.535533905932738e-06,0.00047410890692844987,7.1055,30.3778,0.08579269796609879,0.016383467242121696,0.049366697669029236,0.9819360375404358,0.017908072099089622,0.017896071076393127,0.01790577918291092
13150,11922.1302,0.10828077793121338,0.10816378891468048,0.005849395412951708,0.0,3.535533905932738e-06,,7.1055,30.3778,0.06984925270080566,0.01638535037636757,0.04936682805418968,0.9819356799125671,0.017907708883285522,0.017895711585879326,0.017905473709106445
13200,11968.0734,0.17454209923744202,0.1743760108947754,0.008304580114781857,0.0,3.535533905932738e-06,0.0004942098166793585,7.1055,30.3778,0.08390603959560394,0.01638706959784031,0.04936682805418968,0.9819353222846985,0.017907455563545227,0.017895398661494255,0.017905203625559807
13250,12014.3424,0.11260950565338135,0.11244025826454163,0.008462547324597836,0.0,3.535533905932738e-06,,7.1055,30.3778,0.08304184675216675,0.016388781368732452,0.04936682805418968,0.9819350242614746,0.017907194793224335,0.017895100638270378,0.017904937267303467
13300,12059.9807,0.2681179344654083,0.2679515480995178,0.00831872783601284,0.0,3.535533905932738e-06,0.0005343915545381606,7.1055,30.3778,0.08542837202548981,0.016390522941946983,0.04936682805418968,0.9819347262382507,0.017906947061419487,0.01789477840065956,0.017904704436659813
13350,12105.8696,0.254166841506958,0.2539776563644409,0.009458929300308228,0.0,3.535533905932738e-06,,7.1055,30.3778,0.09006093442440033,0.016392281278967857,0.049366846680641174,0.9819343090057373,0.01790669560432434,0.017894459888339043,0.017904464155435562
13400,12151.5043,0.11838012933731079,0.118226557970047,0.007678678259253502,0.0,3.535533905932738e-06,0.00046671598101966083,7.1055,30.3778,0.08080951869487762,0.01639396697282791,0.049366872757673264,0.9819340705871582,0.01790645718574524,0.01789414882659912,0.017904195934534073
13450,12197.6711,0.18810716271400452,0.18786099553108215,0.012308022938668728,0.0,3.535533905932738e-06,,7.1055,30.3778,0.10043244808912277,0.016395874321460724,0.049366872757673264,0.9819337129592896,0.017906157299876213,0.01789380982518196,0.017903931438922882
13500,12243.3521,0.15471623837947845,0.15456631779670715,0.0074960519559681416,0.0,3.535533905932738e-06,0.00041989446617662907,7.1055,30.3778,0.07985462993383408,0.016397923231124878,0.049366872757673264,0.9819333553314209,0.017905883491039276,0.017893508076667786,0.01790367066860199
13550,12289.233,0.17313526570796967,0.1729355752468109,0.009984221309423447,0.0,3.535533905932738e-06,,7.1055,30.3778,0.0912182629108429,0.016399694606661797,0.049366872757673264,0.9819327592849731,0.017905529588460922,0.017893126234412193,0.01790335401892662
13600,12334.8729,0.11733026802539825,0.1171804666519165,0.0074902186170220375,0.0,3.535533905932738e-06,0.0004545662086457014,7.1055,30.3778,0.07891511917114258,0.01640140824019909,0.049366917461156845,0.9819324016571045,0.01790529116988182,0.01789284311234951,0.017903026193380356
13650,12381.1302,0.27756741642951965,0.27747562527656555,0.0045902421697974205,0.0,3.535533905932738e-06,,7.1055,30.3778,0.06252076476812363,0.016403168439865112,0.049367066472768784,0.9819320440292358,0.01790500059723854,0.017892535775899887,0.017902694642543793
13700,12427.0711,0.21247456967830658,0.21229685842990875,0.00888581108301878,0.0,3.535533905932738e-06,0.0005392652819864452,7.1055,30.3778,0.08637578040361404,0.01640494354069233,0.04936719313263893,0.981931746006012,0.017904698848724365,0.017892200499773026,0.017902374267578125
13750,12472.8778,0.15820251405239105,0.15804612636566162,0.007819476537406445,0.0,3.535533905932738e-06,,7.1055,30.3778,0.08092483133077621,0.01640700176358223,0.04936721548438072,0.9819313883781433,0.017904363572597504,0.01789182424545288,0.017902040854096413
13800,12518.851,0.06841728836297989,0.0682985782623291,0.00593536114320159,0.0,3.535533905932738e-06,0.0003890164662152529,7.1055,30.3778,0.07134305685758591,0.01640855334699154,0.0493672639131546,0.9819310307502747,0.01790408417582512,0.017891516909003258,0.017901793122291565
13850,12565.1526,0.4374997019767761,0.43730515241622925,0.009726908057928085,0.0,3.535533905932738e-06,,7.1055,30.3778,0.09271274507045746,0.016410324722528458,0.0493672639131546,0.9819307327270508,0.017903750762343407,0.017891163006424904,0.017901483923196793
13900,12611.4599,0.12441498786211014,0.12423808872699738,0.008844817988574505,0.0,3.535533905932738e-06,0.0005029501626268029,7.1055,30.3778,0.08524253219366074,0.01641247421503067,0.0493672639131546,0.9819303750991821,0.01790342479944229,0.017890803515911102,0.017901232466101646
13950,12657.2848,0.19761745631694794,0.1975022852420807,0.005758504383265972,0.0,3.535533905932738e-06,,7.1055,30.3778,0.06926313042640686,0.01641455478966236,0.0493672713637352,0.9819300770759583,0.01790306717157364,0.01789044216275215,0.017900951206684113
14000,12703.2404,0.16363894939422607,0.1635204255580902,0.005925883539021015,0.0,3.535533905932738e-06,0.00046931186807341874,7.1055,30.3778,0.07232862710952759,0.016416385769844055,0.04936736449599266,0.9819298386573792,0.017902767285704613,0.017890164628624916,0.017900675535202026
14050,12749.4963,0.132912278175354,0.13281016051769257,0.005105688236653805,0.0,3.535533905932738e-06,,7.1055,30.3778,0.06614971160888672,0.016418568789958954,0.04936753958463669,0.9819294214248657,0.017902500927448273,0.0178898423910141,0.017900375649333
14100,12795.3384,0.05951451510190964,0.05930992215871811,0.010229583829641342,0.0,3.535533905932738e-06,0.00048402053653262556,7.1055,30.3778,0.09195439517498016,0.01642049103975296,0.049367595463991165,0.9819290041923523,0.017902247607707977,0.017889533191919327,0.01790010929107666
14150,12841.1893,0.143694669008255,0.14356526732444763,0.006469833664596081,0.0,3.535533905932738e-06,,7.1055,30.3778,0.07569180428981781,0.016422422602772713,0.04936772212386131,0.9819287061691284,0.017901966348290443,0.017889197915792465,0.01789979636669159
14200,12887.4122,0.1282561868429184,0.1280514895915985,0.01023519691079855,0.0,3.535533905932738e-06,0.0005365809774957597,7.1055,30.3778,0.09110727161169052,0.016424434259533882,0.04936788231134415,0.9819284677505493,0.017901651561260223,0.017888886854052544,0.017899511381983757
14250,12933.8859,0.1443859189748764,0.14423483610153198,0.0075538442470133305,0.0,3.535533905932738e-06,,7.1055,30.3778,0.08007645606994629,0.016426488757133484,0.049367986619472504,0.9819281697273254,0.01790132001042366,0.017888544127345085,0.017899228259921074
14300,12979.7961,0.07129409164190292,0.07112421840429306,0.008493777364492416,0.0,3.535533905932738e-06,0.00043485642527230084,7.1055,30.3778,0.08276671171188354,0.016428174450993538,0.049368008971214294,0.9819278717041016,0.017901083454489708,0.017888283357024193,0.01789897121489048
14350,13025.8246,0.13584019243717194,0.13572217524051666,0.005900864489376545,0.0,3.535533905932738e-06,,7.1055,30.3778,0.07025688141584396,0.016429873183369637,0.04936806485056877,0.9819275140762329,0.017900777980685234,0.017887992784380913,0.0178986769169569
14400,13072.0604,0.06939197331666946,0.0692695751786232,0.006119727622717619,0.0,3.535533905932738e-06,0.0004232848878018558,7.1055,30.3778,0.07158616930246353,0.01643163338303566,0.049368154257535934,0.981927216053009,0.017900457605719566,0.017887674272060394,0.017898425459861755
14450,13118.4273,0.4425831139087677,0.4424975514411926,0.004278778564184904,0.0,3.535533905932738e-06,,7.1055,30.3778,0.0622379370033741,0.016433443874120712,0.04936819151043892,0.9819269776344299,0.017900222912430763,0.01788736879825592,0.01789812371134758
14500,13164.3517,0.27037328481674194,0.2702927589416504,0.004026392940431833,0.0,3.535533905932738e-06,0.0005591067019850016,7.1055,30.3778,0.05995979905128479,0.01643519662320614,0.04936825856566429,0.9819266200065613,0.0179000124335289,0.017887119203805923,0.0178978368639946
14550,13210.4444,0.1849474310874939,0.18479573726654053,0.007585021201521158,0.0,3.535533905932738e-06,,7.1055,30.3778,0.07958517968654633,0.016437027603387833,0.049368273466825485,0.9819262623786926,0.01789974421262741,0.017886873334646225,0.01789754629135132
14600,13256.3971,0.10474980622529984,0.10463972389698029,0.005503939464688301,0.0,3.535533905932738e-06,0.000429633044404909,7.1055,30.3778,0.0686257854104042,0.016438648104667664,0.049368273466825485,0.9819259643554688,0.017899446189403534,0.01788661628961563,0.01789727807044983
14650,13302.7555,0.25571444630622864,0.255548357963562,0.008304323069751263,0.0,3.535533905932738e-06,,7.1055,30.3778,0.08360647410154343,0.016440806910395622,0.04936844855546951,0.9819257259368896,0.0178991612046957,0.017886308953166008,0.017897022888064384
14700,13348.9126,0.24607215821743011,0.24589574337005615,0.00882085133343935,0.0,3.535533905932738e-06,0.0005577521515078843,7.1055,30.3778,0.08529522269964218,0.016442609950900078,0.04936858266592026,0.9819254875183105,0.017898879945278168,0.017886020243167877,0.017896756529808044
14750,13394.5714,0.10587596148252487,0.10573038458824158,0.007278776727616787,0.0,3.535533905932738e-06,,7.1055,30.3778,0.07632235437631607,0.016444513574242592,0.04936858266592026,0.9819250702857971,0.017898565158247948,0.017885703593492508,0.017896456643939018
