method,category,status,metric,official_mean_score,num_prompts,num_images_selected,num_images_scored,num_images_failed,is_full_official_run,evaluator_chain,evaluator_wall_seconds,source_dir,note
tpscda,color,completed,compbench_official_blipvqa,0.3922293333333337,300,300,300,0,True,['blip'],{'blip': 459.86},/root/compbench_work/results/tpscda/color,
tpscda,shape,completed,compbench_official_blipvqa,0.413457,300,300,300,0,True,['blip'],{'blip': 456.76},/root/compbench_work/results/tpscda/shape,
tpscda,texture,completed,compbench_official_blipvqa,0.46966099999999955,300,300,300,0,True,['blip'],{'blip': 457.95},/root/compbench_work/results/tpscda/texture,
tpscda,spatial,completed,compbench_official_unidet_2d_spatial,0.19690414091678932,300,300,300,0,True,['unidet2d'],{'unidet2d': 108.95},/root/compbench_work/results/tpscda/spatial,
tpscda,3d_spatial,completed,compbench_official_unidet_3d_spatial,0.3366157574620865,300,300,300,0,True,['unidet3d'],{'unidet3d': 179.26},/root/compbench_work/results/tpscda/3d_spatial,
tpscda,numeracy,completed,compbench_official_unidet_numeracy,0.4960833333333333,300,300,300,0,True,['unidet_num'],{'unidet_num': 13.91},/root/compbench_work/results/tpscda/numeracy,
tpscda,non_spatial,completed,compbench_official_clipscore,0.309283447265625,300,300,300,0,True,['clip'],{'clip': 159.1},/root/compbench_work/results/tpscda/non_spatial,
tpscda,complex,completed,compbench_official_3in1,0.331175635946282,100,1000,1000,0,False,"['blip', 'unidet2d_complex', 'clip_complex', 'three_in_one']","{'blip': 556.26, 'unidet2d_complex': 340.91, 'clip_complex': 461.78, 'three_in_one': 0.29}",/root/compbench_work/results/tpscda/complex,
frozen,color,completed,compbench_official_blipvqa,0.39561000000000024,300,300,300,0,True,['blip'],{'blip': 433.96},/root/compbench_work/results/frozen/color,
frozen,shape,completed,compbench_official_blipvqa,0.415809,300,300,300,0,True,['blip'],{'blip': 430.61},/root/compbench_work/results/frozen/shape,
frozen,texture,completed,compbench_official_blipvqa,0.470087333333333,300,300,300,0,True,['blip'],{'blip': 440.69},/root/compbench_work/results/frozen/texture,
frozen,spatial,completed,compbench_official_unidet_2d_spatial,0.2040415663317909,300,300,300,0,True,['unidet2d'],{'unidet2d': 111.65},/root/compbench_work/results/frozen/spatial,
frozen,3d_spatial,completed,compbench_official_unidet_3d_spatial,0.3388037379389235,300,300,300,0,True,['unidet3d'],{'unidet3d': 174.16},/root/compbench_work/results/frozen/3d_spatial,
frozen,numeracy,completed,compbench_official_unidet_numeracy,0.5086111111111112,300,300,300,0,True,['unidet_num'],{'unidet_num': 14.29},/root/compbench_work/results/frozen/numeracy,
frozen,non_spatial,completed,compbench_official_clipscore,0.309451904296875,300,300,300,0,True,['clip'],{'clip': 152.95},/root/compbench_work/results/frozen/non_spatial,
frozen,complex,completed,compbench_official_3in1,0.3314480134723056,100,1000,1000,0,False,"['blip', 'unidet2d_complex', 'clip_complex', 'three_in_one']","{'blip': 574.24, 'unidet2d_complex': 343.97, 'clip_complex': 459.3, 'three_in_one': 0.21}",/root/compbench_work/results/frozen/complex,
