model,seed,n,binding_n,object_accuracy,presence_accuracy,binding_accuracy,object_margin,presence_margin,binding_margin
baseline,43,17,13,1.0,0.8823529411764706,0.9230769230769231,0.09222697861054364,0.0425025636658949,0.03944849050962008
baseline,44,17,13,1.0,0.8823529411764706,0.9230769230769231,0.08359227723935071,0.0380400208865895,0.02940658537241129
baseline,45,17,13,1.0,0.8235294117647058,0.8461538461538461,0.08966469852363362,0.04276389584821813,0.0321285415154237
coco2017_scda,43,17,13,0.9411764705882353,0.8823529411764706,0.9230769230769231,0.0735102900687386,0.024915167514015648,0.031558604194567755
coco2017_scda,44,17,13,1.0,0.8823529411764706,0.8461538461538461,0.07169251231586232,0.024165633846731746,0.023658507145368136
coco2017_scda,45,17,13,0.9411764705882353,0.7647058823529411,0.9230769230769231,0.0652892703519148,0.02426884279531591,0.02755190202823052
fullspan_final,43,17,13,0.9411764705882353,0.8823529411764706,0.9230769230769231,0.07354632808881648,0.030748636407010695,0.03475089371204376
fullspan_final,44,17,13,1.0,0.7647058823529411,0.6923076923076923,0.07333869706181918,0.021632276913698983,0.02389691540828118
fullspan_final,45,17,13,0.9411764705882353,0.7647058823529411,1.0,0.07013130100334392,0.024864218690816092,0.03398036498289842
learnable_layers,43,17,13,1.0,0.8823529411764706,0.9230769230769231,0.09162459566312678,0.041968642788774824,0.039132925180288464
learnable_layers,44,17,13,1.0,0.8823529411764706,0.9230769230769231,0.08301390532185049,0.039096923435435575,0.029892229116879977
learnable_layers,45,17,13,1.0,0.8823529411764706,0.8461538461538461,0.08957960763398339,0.04121794507784002,0.03158446687918443
token_pair,43,17,13,1.0,0.8823529411764706,0.9230769230769231,0.08531112968921661,0.033112839740865374,0.033330800441595226
token_pair,44,17,13,1.0,0.8235294117647058,0.9230769230769231,0.08521006650784436,0.03239929676055908,0.029393604168525107
token_pair,45,17,13,0.9411764705882353,0.8235294117647058,0.9230769230769231,0.08603013876606436,0.034020304679870605,0.02545692599736727
