model,seed,prompt_index,binding_case,object_margin,object_correct,presence_margin,presence_correct,binding_margin,binding_correct
baseline,43,3,0,0.05211448669433594,1,0.03612178564071655,1,0.011765450239181519,1
baseline,43,12,1,0.06599575281143188,1,0.0393044650554657,1,0.0017744600772857666,1
baseline,43,17,1,0.09044012427330017,1,0.0847768783569336,1,-0.00762602686882019,0
baseline,43,25,1,0.04650554060935974,1,0.06591792404651642,1,0.009272158145904541,1
baseline,43,32,0,0.1275508999824524,1,0.04641065001487732,1,0.1088952124118805,1
baseline,43,37,0,0.08569258451461792,1,0.04792797565460205,1,0.04482388496398926,1
baseline,43,40,0,0.0963234156370163,1,0.047078609466552734,1,0.03588765859603882,1
baseline,43,44,1,0.13940884172916412,1,0.0710735023021698,1,0.031049281358718872,1
baseline,43,45,1,0.12953230738639832,1,0.035321056842803955,1,0.022410482168197632,1
baseline,43,46,1,0.08534279465675354,1,0.03281903266906738,1,0.021056264638900757,1
baseline,43,47,1,0.09067744016647339,1,0.0608636736869812,1,0.08040821552276611,1
baseline,43,53,1,0.1195855438709259,1,0.01666608452796936,1,0.09040388464927673,1
baseline,43,54,1,0.06337876617908478,1,0.09724834561347961,1,0.1013164222240448,1
baseline,43,56,1,0.05563206970691681,1,-0.016107290983200073,0,0.03321433067321777,1
baseline,43,58,1,0.1046954095363617,1,-0.012420743703842163,0,0.03149545192718506,1
baseline,43,62,1,0.13823449611663818,1,0.03242206573486328,1,0.06639215350151062,1
baseline,43,63,1,0.07674816250801086,1,0.03711956739425659,1,0.03166329860687256,1
baseline,44,3,0,0.050663307309150696,1,0.04468199610710144,1,0.009479552507400513,1
baseline,44,12,1,0.05383266508579254,1,0.05587700009346008,1,0.0054798126220703125,1
baseline,44,17,1,0.08884507417678833,1,0.09459400177001953,1,-0.01475381851196289,0
baseline,44,25,1,0.041675418615341187,1,0.042297542095184326,1,0.005113959312438965,1
baseline,44,32,0,0.10318759083747864,1,0.02368319034576416,1,0.0792190432548523,1
baseline,44,37,0,0.08696836233139038,1,0.04160672426223755,1,0.032634466886520386,1
baseline,44,40,0,0.08835829794406891,1,0.048620760440826416,1,0.03998121619224548,1
baseline,44,44,1,0.11451753973960876,1,0.08648505806922913,1,0.029086202383041382,1
baseline,44,45,1,0.09605680406093597,1,0.007722944021224976,1,0.02469620108604431,1
baseline,44,46,1,0.0719144344329834,1,0.024331986904144287,1,0.0054555535316467285,1
baseline,44,47,1,0.08586245775222778,1,0.06757628917694092,1,0.06937435269355774,1
baseline,44,53,1,0.0678739845752716,1,0.01743030548095703,1,0.04336142539978027,1
baseline,44,54,1,0.09396913647651672,1,0.06507688760757446,1,0.0648244321346283,1
baseline,44,56,1,0.04278329014778137,1,-0.018307149410247803,0,0.029936447739601135,1
baseline,44,58,1,0.11250965297222137,1,-0.015488147735595703,0,0.016438454389572144,1
baseline,44,62,1,0.1484469771385193,1,0.0330580472946167,1,0.07336452603340149,1
baseline,44,63,1,0.07360371947288513,1,0.027432918548583984,1,0.029908061027526855,1
baseline,45,3,0,0.04532819986343384,1,0.046270132064819336,1,0.009044229984283447,1
baseline,45,12,1,0.051486119627952576,1,0.04122352600097656,1,-3.236532211303711e-05,0
baseline,45,17,1,0.09302785992622375,1,0.09699007868766785,1,-0.01277431845664978,0
baseline,45,25,1,0.04318363964557648,1,0.055473893880844116,1,0.003691256046295166,1
baseline,45,32,0,0.13336551189422607,1,0.04460105299949646,1,0.09694239497184753,1
baseline,45,37,0,0.08477985858917236,1,0.05772474408149719,1,0.049132734537124634,1
baseline,45,40,0,0.09852205216884613,1,0.06060406565666199,1,0.056323468685150146,1
baseline,45,44,1,0.13501855731010437,1,0.07647329568862915,1,0.02822759747505188,1
baseline,45,45,1,0.13438522815704346,1,0.0170154869556427,1,0.013353824615478516,1
baseline,45,46,1,0.08193844556808472,1,0.022899001836776733,1,0.022593826055526733,1
baseline,45,47,1,0.08574090898036957,1,0.06961360573768616,1,0.08275975286960602,1
baseline,45,53,1,0.08759245276451111,1,-3.457069396972656e-05,0,0.03584548830986023,1
baseline,45,54,1,0.07059851288795471,1,0.11130818724632263,1,0.09436273574829102,1
baseline,45,56,1,0.05453494191169739,1,-0.015602409839630127,0,0.023129433393478394,1
baseline,45,58,1,0.11148412525653839,1,-0.019230008125305176,0,0.02467605471611023,1
baseline,45,62,1,0.1363440752029419,1,0.027823984622955322,1,0.07587763667106628,1
baseline,45,63,1,0.07696938514709473,1,0.033832162618637085,1,0.02596011757850647,1
coco2017_scda,43,3,0,0.03310506045818329,1,0.01066938042640686,1,0.021438539028167725,1
coco2017_scda,43,12,1,0.07605326175689697,1,0.041326940059661865,1,0.0019657909870147705,1
coco2017_scda,43,17,1,0.058000266551971436,1,0.020788848400115967,1,-0.0036136507987976074,0
coco2017_scda,43,25,1,0.056559473276138306,1,0.029744446277618408,1,0.008442431688308716,1
coco2017_scda,43,32,0,0.10771586000919342,1,0.04390248656272888,1,0.11569952964782715,1
coco2017_scda,43,37,0,0.09414538741111755,1,0.0573902428150177,1,0.042861372232437134,1
coco2017_scda,43,40,0,0.09555064141750336,1,0.0035707056522369385,1,0.041171103715896606,1
coco2017_scda,43,44,1,0.11189129948616028,1,0.04634299874305725,1,0.01656973361968994,1
coco2017_scda,43,45,1,0.06974264979362488,1,0.011133819818496704,1,0.025993257761001587,1
coco2017_scda,43,46,1,-0.010706499218940735,0,-0.013229429721832275,0,0.016142427921295166,1
coco2017_scda,43,47,1,0.10483589768409729,1,0.03524595499038696,1,0.0763600766658783,1
coco2017_scda,43,53,1,0.02104976773262024,1,0.008787035942077637,1,0.02297264337539673,1
coco2017_scda,43,54,1,0.03922559320926666,1,0.07051864266395569,1,0.08794592320919037,1
coco2017_scda,43,56,1,0.08313155174255371,1,0.02625209093093872,1,0.044720470905303955,1
coco2017_scda,43,58,1,0.10572108626365662,1,-0.033086925745010376,0,0.005387485027313232,1
coco2017_scda,43,62,1,0.13644841313362122,1,0.02415323257446289,1,0.0731276273727417,1
coco2017_scda,43,63,1,0.06720522046089172,1,0.04004737734794617,1,0.034247636795043945,1
coco2017_scda,44,3,0,0.05009353160858154,1,0.015720903873443604,1,0.010028094053268433,1
coco2017_scda,44,12,1,0.10142050683498383,1,0.04632106423377991,1,0.00787132978439331,1
coco2017_scda,44,17,1,0.017528817057609558,1,0.08395504951477051,1,-0.018591582775115967,0
coco2017_scda,44,25,1,0.041966721415519714,1,0.009077996015548706,1,0.0021868348121643066,1
coco2017_scda,44,32,0,0.11456117033958435,1,0.004163116216659546,1,0.06047976016998291,1
coco2017_scda,44,37,0,0.04897642135620117,1,0.03542649745941162,1,0.04835568368434906,1
coco2017_scda,44,40,0,0.08474570512771606,1,0.0178452730178833,1,0.037206411361694336,1
coco2017_scda,44,44,1,0.07983849942684174,1,0.03173327445983887,1,0.0035565197467803955,1
coco2017_scda,44,45,1,0.011716112494468689,1,0.06946420669555664,1,0.03846240043640137,1
coco2017_scda,44,46,1,0.03190678358078003,1,-0.003657102584838867,0,0.027899563312530518,1
coco2017_scda,44,47,1,0.0894668698310852,1,0.001509934663772583,1,-0.020530372858047485,0
coco2017_scda,44,53,1,0.11169511079788208,1,0.02510666847229004,1,0.07157844305038452,1
coco2017_scda,44,54,1,0.10395124554634094,1,0.05448141694068909,1,0.047385066747665405,1
coco2017_scda,44,56,1,0.03135329484939575,1,0.005391061305999756,1,0.027418673038482666,1
coco2017_scda,44,58,1,0.10175555944442749,1,-0.01836186647415161,0,0.017231345176696777,1
coco2017_scda,44,62,1,0.1587533950805664,1,0.029657363891601562,1,0.06707936525344849,1
coco2017_scda,44,63,1,0.039042964577674866,1,0.0029809176921844482,1,0.036013007164001465,1
coco2017_scda,45,3,0,0.05713273584842682,1,0.02545255422592163,1,0.008950471878051758,1
coco2017_scda,45,12,1,0.011931031942367554,1,0.004507407546043396,1,0.002289876341819763,1
coco2017_scda,45,17,1,0.05175676941871643,1,-0.025042742490768433,0,-0.0004405081272125244,0
coco2017_scda,45,25,1,0.06060314178466797,1,0.042881518602371216,1,0.002717256546020508,1
coco2017_scda,45,32,0,0.05588865280151367,1,0.04624450206756592,1,0.11449208855628967,1
coco2017_scda,45,37,0,0.012108296155929565,1,0.0044138431549072266,1,0.025084152817726135,1
coco2017_scda,45,40,0,0.05830000340938568,1,0.04575014114379883,1,0.06330052018165588,1
coco2017_scda,45,44,1,0.12077245116233826,1,0.05990096926689148,1,0.008487105369567871,1
coco2017_scda,45,45,1,0.07338464260101318,1,0.024332523345947266,1,0.023623064160346985,1
coco2017_scda,45,46,1,0.05518430471420288,1,0.0030376017093658447,1,0.013436317443847656,1
coco2017_scda,45,47,1,0.05381253361701965,1,0.062153592705726624,1,0.10177849233150482,1
coco2017_scda,45,53,1,0.09867528080940247,1,-0.01707354187965393,0,0.039504274725914,1
coco2017_scda,45,54,1,0.08994452655315399,1,0.05355367064476013,1,0.049024105072021484,1
coco2017_scda,45,56,1,0.0299462229013443,1,0.046910762786865234,1,0.04218490421772003,1
coco2017_scda,45,58,1,0.12176249921321869,1,-0.006705939769744873,0,0.02133515477180481,1
coco2017_scda,45,62,1,0.16742107272148132,1,0.05552300810813904,1,0.040405720472335815,1
coco2017_scda,45,63,1,-0.00870656967163086,0,-0.013269543647766113,0,0.013828963041305542,1
fullspan_final,43,3,0,0.03556317090988159,1,0.01068463921546936,1,0.019279122352600098,1
fullspan_final,43,12,1,0.07510161399841309,1,0.0510176420211792,1,0.003187417984008789,1
fullspan_final,43,17,1,0.044695645570755005,1,0.015538930892944336,1,-0.004234492778778076,0
fullspan_final,43,25,1,0.047362327575683594,1,0.0483933687210083,1,0.00819706916809082,1
fullspan_final,43,32,0,0.10347482562065125,1,0.03691551089286804,1,0.11154904961585999,1
fullspan_final,43,37,0,0.09195846319198608,1,0.05763876438140869,1,0.04006218910217285,1
fullspan_final,43,40,0,0.09304681420326233,1,0.016823917627334595,1,0.04373161494731903,1
fullspan_final,43,44,1,0.10388195514678955,1,0.04737025499343872,1,0.017958492040634155,1
fullspan_final,43,45,1,0.08577170968055725,1,0.021864458918571472,1,0.02124755084514618,1
fullspan_final,43,46,1,-0.0121011883020401,0,-0.010819613933563232,0,0.017292171716690063,1
fullspan_final,43,47,1,0.10297027230262756,1,0.036640822887420654,1,0.07533013820648193,1
fullspan_final,43,53,1,0.02047896385192871,1,0.009109675884246826,1,0.023700937628746033,1
fullspan_final,43,54,1,0.04217396676540375,1,0.08148452639579773,1,0.08727677166461945,1
fullspan_final,43,56,1,0.11416840553283691,1,0.04848489165306091,1,0.0895722508430481,1
fullspan_final,43,58,1,0.10510635375976562,1,-0.027295053005218506,0,0.002706378698348999,1
fullspan_final,43,62,1,0.11821199953556061,1,0.025144994258880615,1,0.07100161910057068,1
fullspan_final,43,63,1,0.07842227816581726,1,0.053729087114334106,1,0.03852531313896179,1
fullspan_final,44,3,0,0.04788924753665924,1,0.013774335384368896,1,0.01130533218383789,1
fullspan_final,44,12,1,0.0954616367816925,1,0.05411088466644287,1,0.0033631622791290283,1
fullspan_final,44,17,1,0.0050518810749053955,1,0.07263481616973877,1,-0.01735779643058777,0
fullspan_final,44,25,1,0.03901267051696777,1,-0.0031578540802001953,0,0.0030469000339508057,1
fullspan_final,44,32,0,0.10890783369541168,1,-0.01278659701347351,0,0.03371044993400574,1
fullspan_final,44,37,0,0.041392773389816284,1,0.03217247128486633,1,0.0477270781993866,1
fullspan_final,44,40,0,0.08001357316970825,1,0.021033793687820435,1,0.039650291204452515,1
fullspan_final,44,44,1,0.08497422933578491,1,0.026208937168121338,1,-0.0005323290824890137,0
fullspan_final,44,45,1,0.044356346130371094,1,0.057825177907943726,1,0.04829411208629608,1
fullspan_final,44,46,1,0.039109498262405396,1,0.001994878053665161,1,0.02775353193283081,1
fullspan_final,44,47,1,0.09154020249843597,1,0.0006812512874603271,1,-0.024965494871139526,0
fullspan_final,44,53,1,0.11303876340389252,1,0.020721614360809326,1,0.06758564710617065,1
fullspan_final,44,54,1,0.10086551308631897,1,0.05375227332115173,1,0.060307323932647705,1
fullspan_final,44,56,1,0.04963850975036621,1,-0.0010036826133728027,0,-0.004234254360198975,0
fullspan_final,44,58,1,0.1000780314207077,1,-0.006639450788497925,0,0.027274221181869507,1
fullspan_final,44,62,1,0.1504610776901245,1,0.03349903225898743,1,0.08131155371665955,1
fullspan_final,44,63,1,0.05496606230735779,1,0.0029268264770507812,1,0.03881332278251648,1
fullspan_final,45,3,0,0.05870760977268219,1,0.027434974908828735,1,0.00900256633758545,1
fullspan_final,45,12,1,0.022927507758140564,1,0.011130750179290771,1,0.005827486515045166,1
fullspan_final,45,17,1,0.04001620411872864,1,-0.044445618987083435,0,0.00910232961177826,1
fullspan_final,45,25,1,0.06006263196468353,1,0.05060720443725586,1,0.0022296905517578125,1
fullspan_final,45,32,0,0.10301229357719421,1,0.015580534934997559,1,0.06124007701873779,1
fullspan_final,45,37,0,0.017229869961738586,1,0.004645422101020813,1,0.012353464961051941,1
fullspan_final,45,40,0,0.058492809534072876,1,0.055910080671310425,1,0.07534170150756836,1
fullspan_final,45,44,1,0.12511247396469116,1,0.058611005544662476,1,0.011570364236831665,1
fullspan_final,45,45,1,0.11491599678993225,1,0.029750168323516846,1,0.030584901571273804,1
fullspan_final,45,46,1,0.06012535095214844,1,-0.00037041306495666504,0,0.013674229383468628,1
fullspan_final,45,47,1,0.05000889301300049,1,0.05668357014656067,1,0.09525084495544434,1
fullspan_final,45,53,1,0.10717085003852844,1,-0.009304553270339966,0,0.050149574875831604,1
fullspan_final,45,54,1,0.09152230620384216,1,0.05833551287651062,1,0.060677677392959595,1
fullspan_final,45,56,1,0.004499107599258423,1,0.04736965894699097,1,0.06549015641212463,1
fullspan_final,45,58,1,0.12474164366722107,1,-0.012219160795211792,0,0.01885959506034851,1
fullspan_final,45,62,1,0.16179567575454712,1,0.07119843363761902,1,0.05938541889190674,1
fullspan_final,45,63,1,-0.008109107613563538,0,0.0017741471529006958,1,0.01894247531890869,1
token_pair,43,3,0,0.03883787989616394,1,0.03646513819694519,1,0.007154405117034912,1
token_pair,43,12,1,0.08452999591827393,1,0.04842257499694824,1,0.004970133304595947,1
token_pair,43,17,1,0.08689723908901215,1,0.07852688431739807,1,-0.01235845685005188,0
token_pair,43,25,1,0.035992324352264404,1,0.02852761745452881,1,0.012854278087615967,1
token_pair,43,32,0,0.09927347302436829,1,0.002299189567565918,1,0.05731099843978882,1
token_pair,43,37,0,0.08722256124019623,1,0.05028131604194641,1,0.043728649616241455,1
token_pair,43,40,0,0.09024438261985779,1,0.03077077865600586,1,0.031324684619903564,1
token_pair,43,44,1,0.14655977487564087,1,0.07353448867797852,1,0.02818584442138672,1
token_pair,43,45,1,0.08891290426254272,1,0.015706777572631836,1,0.024112224578857422,1
token_pair,43,46,1,0.07735040783882141,1,0.029429763555526733,1,0.010280072689056396,1
token_pair,43,47,1,0.09940049052238464,1,0.06643518805503845,1,0.11235857009887695,1
token_pair,43,53,1,0.04116144776344299,1,0.004816114902496338,1,0.04986920952796936,1
token_pair,43,54,1,0.09113545715808868,1,0.06040462851524353,1,0.05188858509063721,1
token_pair,43,56,1,0.056793779134750366,1,-0.010216742753982544,0,0.008654922246932983,1
token_pair,43,58,1,0.10641142725944519,1,-0.016492724418640137,0,0.03043663501739502,1
token_pair,43,62,1,0.14108622074127197,1,0.03272688388824463,1,0.07612383365631104,1
token_pair,43,63,1,0.07847943902015686,1,0.03128039836883545,1,0.035924553871154785,1
token_pair,44,3,0,0.0443965345621109,1,0.03760474920272827,1,0.004556506872177124,1
token_pair,44,12,1,0.08117882907390594,1,0.04953005909919739,1,0.008359372615814209,1
token_pair,44,17,1,0.08480948209762573,1,0.08397942781448364,1,-0.015314608812332153,0
token_pair,44,25,1,0.04609560966491699,1,0.010615557432174683,1,0.012458831071853638,1
token_pair,44,32,0,0.06973525881767273,1,-0.001097261905670166,0,0.042278438806533813,1
token_pair,44,37,0,0.09470903873443604,1,0.05102217197418213,1,0.04120326042175293,1
token_pair,44,40,0,0.08590483665466309,1,0.05301329493522644,1,0.05081605911254883,1
token_pair,44,44,1,0.12372544407844543,1,0.08016711473464966,1,0.016041040420532227,1
token_pair,44,45,1,0.11668293178081512,1,0.008991539478302002,1,0.01543360948562622,1
token_pair,44,46,1,0.06126326322555542,1,0.01491326093673706,1,0.03803339600563049,1
token_pair,44,47,1,0.0885709673166275,1,0.08327844738960266,1,0.09277984499931335,1
token_pair,44,53,1,0.06521546840667725,1,0.011071264743804932,1,0.04041042923927307,1
token_pair,44,54,1,0.09774743020534515,1,0.0590190589427948,1,0.04692402482032776,1
token_pair,44,56,1,0.05937308073043823,1,-0.018739551305770874,0,0.010897070169448853,1
token_pair,44,58,1,0.10883860290050507,1,-0.02462899684906006,0,0.02879941463470459,1
token_pair,44,62,1,0.15160508453845978,1,0.03815382719039917,1,0.05866485834121704,1
token_pair,44,63,1,0.06871926784515381,1,0.013894081115722656,1,0.028629571199417114,1
token_pair,45,3,0,0.04724706709384918,1,0.04511663317680359,1,0.009225010871887207,1
token_pair,45,12,1,0.08510589599609375,1,0.030088186264038086,1,0.008102446794509888,1
token_pair,45,17,1,0.08930215239524841,1,0.08282750844955444,1,-0.015770524740219116,0
token_pair,45,25,1,0.04571646451950073,1,0.04304119944572449,1,0.0073511600494384766,1
token_pair,45,32,0,0.13851891458034515,1,0.0045670270919799805,1,0.057531535625457764,1
token_pair,45,37,0,0.07711973786354065,1,0.048040956258773804,1,0.033364564180374146,1
token_pair,45,40,0,0.10033005475997925,1,0.05252182483673096,1,0.044690072536468506,1
token_pair,45,44,1,0.11937779188156128,1,0.06556016206741333,1,0.009249210357666016,1
token_pair,45,45,1,0.1318303942680359,1,0.021734386682510376,1,0.008924305438995361,1
token_pair,45,46,1,0.06409871578216553,1,0.02889677882194519,1,0.03604626655578613,1
token_pair,45,47,1,0.10143862664699554,1,0.04016360640525818,1,0.033291399478912354,1
token_pair,45,53,1,-0.0015797317028045654,0,-0.016371220350265503,0,0.01166677474975586,1
token_pair,45,54,1,0.08060657978057861,1,0.09117931127548218,1,0.0700969398021698,1
token_pair,45,56,1,0.0633329302072525,1,-0.005949676036834717,0,0.023314476013183594,1
token_pair,45,58,1,0.10040681064128876,1,-0.011273294687271118,0,0.030006617307662964,1
token_pair,45,62,1,0.13943946361541748,1,0.03434249758720398,1,0.08272987604141235,1
token_pair,45,63,1,0.08022049069404602,1,0.023859292268753052,1,0.025931090116500854,1
learnable_layers,43,3,0,0.05261790752410889,1,0.03687781095504761,1,0.011619210243225098,1
learnable_layers,43,12,1,0.0651659369468689,1,0.038401246070861816,1,0.001963287591934204,1
learnable_layers,43,17,1,0.0904359221458435,1,0.08471804857254028,1,-0.007609307765960693,0
learnable_layers,43,25,1,0.046133026480674744,1,0.06004913151264191,1,0.00974971055984497,1
learnable_layers,43,32,0,0.12841203808784485,1,0.04959365725517273,1,0.11468738317489624,1
learnable_layers,43,37,0,0.08562976121902466,1,0.04831317067146301,1,0.045577406883239746,1
learnable_layers,43,40,0,0.09508596360683441,1,0.04461669921875,1,0.030642271041870117,1
learnable_layers,43,44,1,0.13815732300281525,1,0.06979402899742126,1,0.030443847179412842,1
learnable_layers,43,45,1,0.1294150948524475,1,0.035582900047302246,1,0.022623032331466675,1
learnable_layers,43,46,1,0.08317458629608154,1,0.03309193253517151,1,0.021640390157699585,1
learnable_layers,43,47,1,0.09371653199195862,1,0.05777865648269653,1,0.07800140976905823,1
learnable_layers,43,53,1,0.10559409856796265,1,0.015619605779647827,1,0.08630308508872986,1
learnable_layers,43,54,1,0.0676097422838211,1,0.09657356142997742,1,0.10075294971466064,1
learnable_layers,43,56,1,0.057193830609321594,1,-0.015313476324081421,0,0.03426119685173035,1
learnable_layers,43,58,1,0.10452637076377869,1,-0.01188686490058899,0,0.031106531620025635,1
learnable_layers,43,62,1,0.13823118805885315,1,0.0324348509311676,1,0.06721693277359009,1
learnable_layers,43,63,1,0.07651880383491516,1,0.03722196817398071,1,0.03227496147155762,1
learnable_layers,44,3,0,0.050664693117141724,1,0.045884549617767334,1,0.009257256984710693,1
learnable_layers,44,12,1,0.045877933502197266,1,0.058822304010391235,1,0.004608571529388428,1
learnable_layers,44,17,1,0.08959591388702393,1,0.0935402512550354,1,-0.015337556600570679,0
learnable_layers,44,25,1,0.04145066440105438,1,0.04287654161453247,1,0.006496459245681763,1
learnable_layers,44,32,0,0.10381504893302917,1,0.028834491968154907,1,0.0857989490032196,1
learnable_layers,44,37,0,0.08740922808647156,1,0.040748149156570435,1,0.03244945406913757,1
learnable_layers,44,40,0,0.08908280730247498,1,0.04874294996261597,1,0.0407232940196991,1
learnable_layers,44,44,1,0.11248177289962769,1,0.08469539880752563,1,0.028985708951950073,1
learnable_layers,44,45,1,0.09696348011493683,1,0.007238566875457764,1,0.024313420057296753,1
learnable_layers,44,46,1,0.06945973634719849,1,0.02962222695350647,1,0.012022972106933594,1
learnable_layers,44,47,1,0.08289754390716553,1,0.06960541009902954,1,0.07250607013702393,1
learnable_layers,44,53,1,0.07522661983966827,1,0.013814687728881836,1,0.03882119059562683,1
learnable_layers,44,54,1,0.08795350790023804,1,0.0719778835773468,1,0.06794789433479309,1
learnable_layers,44,56,1,0.044358864426612854,1,-0.01953822374343872,0,0.028773218393325806,1
learnable_layers,44,58,1,0.11124682426452637,1,-0.01533418893814087,0,0.015518009662628174,1
learnable_layers,44,62,1,0.15020926296710968,1,0.03661668300628662,1,0.07316863536834717,1
learnable_layers,44,63,1,0.07254248857498169,1,0.026500016450881958,1,0.03077438473701477,1
learnable_layers,45,3,0,0.045327648520469666,1,0.046287715435028076,1,0.008907079696655273,1
learnable_layers,45,12,1,0.05180734395980835,1,0.041548460721969604,1,-3.9070844650268555e-05,0
learnable_layers,45,17,1,0.09405934810638428,1,0.097023606300354,1,-0.012914150953292847,0
learnable_layers,45,25,1,0.04537488520145416,1,0.05069859325885773,1,0.003028303384780884,1
learnable_layers,45,32,0,0.1348925083875656,1,0.029328197240829468,1,0.07648566365242004,1
learnable_layers,45,37,0,0.08507981896400452,1,0.05752664804458618,1,0.04896584153175354,1
learnable_layers,45,40,0,0.09847256541252136,1,0.06150120496749878,1,0.05881336331367493,1
learnable_layers,45,44,1,0.14191600680351257,1,0.07839792966842651,1,0.02757585048675537,1
learnable_layers,45,45,1,0.1351441591978073,1,0.019092053174972534,1,0.014002293348312378,1
learnable_layers,45,46,1,0.07979309558868408,1,0.021598339080810547,1,0.022262394428253174,1
learnable_layers,45,47,1,0.07836604118347168,1,0.0559120774269104,1,0.07222753763198853,1
learnable_layers,45,53,1,0.08867043256759644,1,0.0013095438480377197,1,0.03667265176773071,1
learnable_layers,45,54,1,0.06789514422416687,1,0.1163383424282074,1,0.09970799088478088,1
learnable_layers,45,56,1,0.054251283407211304,1,-0.015421688556671143,0,0.02323991060256958,1
learnable_layers,45,58,1,0.11318923532962799,1,-0.01710689067840576,0,0.02506914734840393,1
learnable_layers,45,62,1,0.13228440284729004,1,0.024320214986801147,1,0.07351920008659363,1
learnable_layers,45,63,1,0.07632941007614136,1,0.03235071897506714,1,0.02624601125717163,1
