model,seed,prompt_index,group,clip_score
baseline,43,1,1,0.3582323491573334
baseline,43,2,1,0.36834630370140076
baseline,43,3,1,0.3147395849227905
baseline,43,4,1,0.4103991985321045
baseline,43,5,1,0.271668940782547
baseline,43,6,1,0.31408601999282837
baseline,43,7,1,0.3103830814361572
baseline,43,8,1,0.276465505361557
baseline,43,9,2,0.34612539410591125
baseline,43,10,2,0.3068605661392212
baseline,43,11,2,0.39649462699890137
baseline,43,12,2,0.401807963848114
baseline,43,13,2,0.41427236795425415
baseline,43,14,2,0.3638671636581421
baseline,43,15,2,0.2880060076713562
baseline,43,16,2,0.3271326422691345
baseline,43,17,3,0.37706923484802246
baseline,43,18,3,0.28752654790878296
baseline,43,19,3,0.36128783226013184
baseline,43,20,3,0.3146975338459015
baseline,43,21,3,0.4046035706996918
baseline,43,22,3,0.34318113327026367
baseline,43,23,3,0.3108987808227539
baseline,43,24,3,0.3123997449874878
baseline,43,25,4,0.3864731192588806
baseline,43,26,4,0.3688521981239319
baseline,43,27,4,0.4151689410209656
baseline,43,28,4,0.32400059700012207
baseline,43,29,4,0.2573854327201843
baseline,43,30,4,0.2316320240497589
baseline,43,31,4,0.3458259701728821
baseline,43,32,4,0.34430694580078125
baseline,43,33,5,0.28801411390304565
baseline,43,34,5,0.3227415680885315
baseline,43,35,5,0.32699689269065857
baseline,43,36,5,0.3598283529281616
baseline,43,37,5,0.3699660301208496
baseline,43,38,5,0.3863385021686554
baseline,43,39,5,0.3786224126815796
baseline,43,40,5,0.3650015890598297
baseline,43,41,6,0.2281964123249054
baseline,43,42,6,0.36115869879722595
baseline,43,43,6,0.31811562180519104
baseline,43,44,6,0.3826662302017212
baseline,43,45,6,0.3424919843673706
baseline,43,46,6,0.39747339487075806
baseline,43,47,6,0.3684999942779541
baseline,43,48,6,0.29461807012557983
baseline,43,49,7,0.30691254138946533
baseline,43,50,7,0.2721315622329712
baseline,43,51,7,0.39475297927856445
baseline,43,52,7,0.3415490388870239
baseline,43,53,7,0.3261348307132721
baseline,43,54,7,0.37583285570144653
baseline,43,55,7,0.4066973924636841
baseline,43,56,7,0.31023406982421875
baseline,43,57,8,0.37024986743927
baseline,43,58,8,0.32194748520851135
baseline,43,59,8,0.37516945600509644
baseline,43,60,8,0.35546305775642395
baseline,43,61,8,0.3539668917655945
baseline,43,62,8,0.3733077049255371
baseline,43,63,8,0.3829861879348755
baseline,43,64,8,0.4302036464214325
baseline,44,1,1,0.37686195969581604
baseline,44,2,1,0.3523896336555481
baseline,44,3,1,0.3221243917942047
baseline,44,4,1,0.40215161442756653
baseline,44,5,1,0.27944910526275635
baseline,44,6,1,0.335947185754776
baseline,44,7,1,0.30924785137176514
baseline,44,8,1,0.2962085008621216
baseline,44,9,2,0.3240196108818054
baseline,44,10,2,0.3185890316963196
baseline,44,11,2,0.35002923011779785
baseline,44,12,2,0.404433012008667
baseline,44,13,2,0.42685115337371826
baseline,44,14,2,0.36941972374916077
baseline,44,15,2,0.29003435373306274
baseline,44,16,2,0.3359798192977905
baseline,44,17,3,0.39122408628463745
baseline,44,18,3,0.26612186431884766
baseline,44,19,3,0.3509102463722229
baseline,44,20,3,0.33653759956359863
baseline,44,21,3,0.43171021342277527
baseline,44,22,3,0.33356839418411255
baseline,44,23,3,0.33726194500923157
baseline,44,24,3,0.33895957469940186
baseline,44,25,4,0.36053019762039185
baseline,44,26,4,0.3840704560279846
baseline,44,27,4,0.3945562541484833
baseline,44,28,4,0.33287179470062256
baseline,44,29,4,0.25474363565444946
baseline,44,30,4,0.23574507236480713
baseline,44,31,4,0.30630627274513245
baseline,44,32,4,0.3207106292247772
baseline,44,33,5,0.30452442169189453
baseline,44,34,5,0.30051976442337036
baseline,44,35,5,0.3470167815685272
baseline,44,36,5,0.3729121685028076
baseline,44,37,5,0.36681926250457764
baseline,44,38,5,0.3857116103172302
baseline,44,39,5,0.3807019591331482
baseline,44,40,5,0.334200918674469
baseline,44,41,6,0.23705723881721497
baseline,44,42,6,0.3424326181411743
baseline,44,43,6,0.28655683994293213
baseline,44,44,6,0.3825225234031677
baseline,44,45,6,0.3252028226852417
baseline,44,46,6,0.37249964475631714
baseline,44,47,6,0.3509497046470642
baseline,44,48,6,0.32859867811203003
baseline,44,49,7,0.27392977476119995
baseline,44,50,7,0.27547091245651245
baseline,44,51,7,0.38097772002220154
baseline,44,52,7,0.3493637442588806
baseline,44,53,7,0.3423839807510376
baseline,44,54,7,0.3694813549518585
baseline,44,55,7,0.3827681839466095
baseline,44,56,7,0.3162597715854645
baseline,44,57,8,0.3863556385040283
baseline,44,58,8,0.33639660477638245
baseline,44,59,8,0.3838684558868408
baseline,44,60,8,0.3549157381057739
baseline,44,61,8,0.3643028140068054
baseline,44,62,8,0.36326864361763
baseline,44,63,8,0.3730354905128479
baseline,44,64,8,0.3997253179550171
baseline,45,1,1,0.38418400287628174
baseline,45,2,1,0.36122584342956543
baseline,45,3,1,0.3259255886077881
baseline,45,4,1,0.39523574709892273
baseline,45,5,1,0.26670774817466736
baseline,45,6,1,0.330086886882782
baseline,45,7,1,0.32416266202926636
baseline,45,8,1,0.28175437450408936
baseline,45,9,2,0.3332817554473877
baseline,45,10,2,0.3049784302711487
baseline,45,11,2,0.36696213483810425
baseline,45,12,2,0.3921410143375397
baseline,45,13,2,0.4009396433830261
baseline,45,14,2,0.36186087131500244
baseline,45,15,2,0.2837252914905548
baseline,45,16,2,0.3381139039993286
baseline,45,17,3,0.3875684142112732
baseline,45,18,3,0.2718101739883423
baseline,45,19,3,0.343045711517334
baseline,45,20,3,0.3447672724723816
baseline,45,21,3,0.3850894272327423
baseline,45,22,3,0.31553226709365845
baseline,45,23,3,0.31113559007644653
baseline,45,24,3,0.3426687717437744
baseline,45,25,4,0.3792504668235779
baseline,45,26,4,0.36600062251091003
baseline,45,27,4,0.3950333595275879
baseline,45,28,4,0.3261432647705078
baseline,45,29,4,0.21217064559459686
baseline,45,30,4,0.22752027213573456
baseline,45,31,4,0.3571639060974121
baseline,45,32,4,0.34581390023231506
baseline,45,33,5,0.34466442465782166
baseline,45,34,5,0.340684175491333
baseline,45,35,5,0.3389326333999634
baseline,45,36,5,0.36961066722869873
baseline,45,37,5,0.37124401330947876
baseline,45,38,5,0.37476223707199097
baseline,45,39,5,0.38739436864852905
baseline,45,40,5,0.3679395020008087
baseline,45,41,6,0.26803743839263916
baseline,45,42,6,0.3375210762023926
baseline,45,43,6,0.2823958098888397
baseline,45,44,6,0.3824900984764099
baseline,45,45,6,0.3400621712207794
baseline,45,46,6,0.39876610040664673
baseline,45,47,6,0.3642898201942444
baseline,45,48,6,0.33999767899513245
baseline,45,49,7,0.27202415466308594
baseline,45,50,7,0.2733045518398285
baseline,45,51,7,0.3771743178367615
baseline,45,52,7,0.33639267086982727
baseline,45,53,7,0.41617095470428467
baseline,45,54,7,0.3590865731239319
baseline,45,55,7,0.38687533140182495
baseline,45,56,7,0.30938273668289185
baseline,45,57,8,0.37786564230918884
baseline,45,58,8,0.3218787908554077
baseline,45,59,8,0.37121105194091797
baseline,45,60,8,0.33118313550949097
baseline,45,61,8,0.3491209149360657
baseline,45,62,8,0.37738683819770813
baseline,45,63,8,0.38176095485687256
baseline,45,64,8,0.41771918535232544
coco2017_scda,43,1,1,0.31870174407958984
coco2017_scda,43,2,1,0.3670566976070404
coco2017_scda,43,3,1,0.27702805399894714
coco2017_scda,43,4,1,0.25846928358078003
coco2017_scda,43,5,1,0.231418177485466
coco2017_scda,43,6,1,0.28034430742263794
coco2017_scda,43,7,1,0.2549373507499695
coco2017_scda,43,8,1,0.25365394353866577
coco2017_scda,43,9,2,0.2794720232486725
coco2017_scda,43,10,2,0.31417953968048096
coco2017_scda,43,11,2,0.33416318893432617
coco2017_scda,43,12,2,0.32086706161499023
coco2017_scda,43,13,2,0.3718547821044922
coco2017_scda,43,14,2,0.2393927425146103
coco2017_scda,43,15,2,0.220855250954628
coco2017_scda,43,16,2,0.1613956242799759
coco2017_scda,43,17,3,0.3097851574420929
coco2017_scda,43,18,3,0.2300375998020172
coco2017_scda,43,19,3,0.3007041811943054
coco2017_scda,43,20,3,0.31799715757369995
coco2017_scda,43,21,3,0.3160017728805542
coco2017_scda,43,22,3,0.29803600907325745
coco2017_scda,43,23,3,0.2932921051979065
coco2017_scda,43,24,3,0.2698787450790405
coco2017_scda,43,25,4,0.33837127685546875
coco2017_scda,43,26,4,0.2942022383213043
coco2017_scda,43,27,4,0.28205129504203796
coco2017_scda,43,28,4,0.365387499332428
coco2017_scda,43,29,4,0.24465587735176086
coco2017_scda,43,30,4,0.2122735232114792
coco2017_scda,43,31,4,0.2671964168548584
coco2017_scda,43,32,4,0.3324882984161377
coco2017_scda,43,33,5,0.20759588479995728
coco2017_scda,43,34,5,0.27507662773132324
coco2017_scda,43,35,5,0.31101053953170776
coco2017_scda,43,36,5,0.25024157762527466
coco2017_scda,43,37,5,0.36587485671043396
coco2017_scda,43,38,5,0.3039609491825104
coco2017_scda,43,39,5,0.3309630751609802
coco2017_scda,43,40,5,0.3064250946044922
coco2017_scda,43,41,6,0.18091358244419098
coco2017_scda,43,42,6,0.24770846962928772
coco2017_scda,43,43,6,0.22103749215602875
coco2017_scda,43,44,6,0.32743752002716064
coco2017_scda,43,45,6,0.22635188698768616
coco2017_scda,43,46,6,0.29803621768951416
coco2017_scda,43,47,6,0.3409092426300049
coco2017_scda,43,48,6,0.2425083965063095
coco2017_scda,43,49,7,0.15912848711013794
coco2017_scda,43,50,7,0.2152973711490631
coco2017_scda,43,51,7,0.3577191233634949
coco2017_scda,43,52,7,0.2722606658935547
coco2017_scda,43,53,7,0.2967943847179413
coco2017_scda,43,54,7,0.28638142347335815
coco2017_scda,43,55,7,0.2790784537792206
coco2017_scda,43,56,7,0.2981351613998413
coco2017_scda,43,57,8,0.30098599195480347
coco2017_scda,43,58,8,0.3188960552215576
coco2017_scda,43,59,8,0.2938934564590454
coco2017_scda,43,60,8,0.22782231867313385
coco2017_scda,43,61,8,0.230223149061203
coco2017_scda,43,62,8,0.3602559566497803
coco2017_scda,43,63,8,0.39276814460754395
coco2017_scda,43,64,8,0.4190009832382202
coco2017_scda,44,1,1,0.3050277829170227
coco2017_scda,44,2,1,0.3436812162399292
coco2017_scda,44,3,1,0.3260829746723175
coco2017_scda,44,4,1,0.3278818726539612
coco2017_scda,44,5,1,0.23226812481880188
coco2017_scda,44,6,1,0.2886076867580414
coco2017_scda,44,7,1,0.25855687260627747
coco2017_scda,44,8,1,0.26336610317230225
coco2017_scda,44,9,2,0.2421877384185791
coco2017_scda,44,10,2,0.2832905352115631
coco2017_scda,44,11,2,0.29285046458244324
coco2017_scda,44,12,2,0.3918183147907257
coco2017_scda,44,13,2,0.34498709440231323
coco2017_scda,44,14,2,0.27578631043434143
coco2017_scda,44,15,2,0.19436907768249512
coco2017_scda,44,16,2,0.2234194427728653
coco2017_scda,44,17,3,0.27605199813842773
coco2017_scda,44,18,3,0.22552353143692017
coco2017_scda,44,19,3,0.32425785064697266
coco2017_scda,44,20,3,0.2441532462835312
coco2017_scda,44,21,3,0.3093978464603424
coco2017_scda,44,22,3,0.2837747037410736
coco2017_scda,44,23,3,0.2904294729232788
coco2017_scda,44,24,3,0.320610910654068
coco2017_scda,44,25,4,0.2983768582344055
coco2017_scda,44,26,4,0.2134643793106079
coco2017_scda,44,27,4,0.3188381791114807
coco2017_scda,44,28,4,0.3113437294960022
coco2017_scda,44,29,4,0.2295083999633789
coco2017_scda,44,30,4,0.20821474492549896
coco2017_scda,44,31,4,0.21879595518112183
coco2017_scda,44,32,4,0.3067530393600464
coco2017_scda,44,33,5,0.27384626865386963
coco2017_scda,44,34,5,0.19600096344947815
coco2017_scda,44,35,5,0.28854942321777344
coco2017_scda,44,36,5,0.16550610959529877
coco2017_scda,44,37,5,0.2764626741409302
coco2017_scda,44,38,5,0.27706336975097656
coco2017_scda,44,39,5,0.28318268060684204
coco2017_scda,44,40,5,0.3199869990348816
coco2017_scda,44,41,6,0.20153599977493286
coco2017_scda,44,42,6,0.21318745613098145
coco2017_scda,44,43,6,0.18744835257530212
coco2017_scda,44,44,6,0.2606402337551117
coco2017_scda,44,45,6,0.26889175176620483
coco2017_scda,44,46,6,0.34417492151260376
coco2017_scda,44,47,6,0.3244500756263733
coco2017_scda,44,48,6,0.29943549633026123
coco2017_scda,44,49,7,0.21826082468032837
coco2017_scda,44,50,7,0.2445307970046997
coco2017_scda,44,51,7,0.26481032371520996
coco2017_scda,44,52,7,0.33288145065307617
coco2017_scda,44,53,7,0.3027194142341614
coco2017_scda,44,54,7,0.3303845524787903
coco2017_scda,44,55,7,0.2451971471309662
coco2017_scda,44,56,7,0.29008305072784424
coco2017_scda,44,57,8,0.32933151721954346
coco2017_scda,44,58,8,0.30087196826934814
coco2017_scda,44,59,8,0.3216544985771179
coco2017_scda,44,60,8,0.3378105163574219
coco2017_scda,44,61,8,0.31424129009246826
coco2017_scda,44,62,8,0.371811181306839
coco2017_scda,44,63,8,0.33613282442092896
coco2017_scda,44,64,8,0.3936746418476105
coco2017_scda,45,1,1,0.3503735661506653
coco2017_scda,45,2,1,0.3543034791946411
coco2017_scda,45,3,1,0.2903875410556793
coco2017_scda,45,4,1,0.3360579311847687
coco2017_scda,45,5,1,0.24515940248966217
coco2017_scda,45,6,1,0.3031214773654938
coco2017_scda,45,7,1,0.2668544352054596
coco2017_scda,45,8,1,0.2609010934829712
coco2017_scda,45,9,2,0.3042735457420349
coco2017_scda,45,10,2,0.2856738567352295
coco2017_scda,45,11,2,0.32408037781715393
coco2017_scda,45,12,2,0.23316405713558197
coco2017_scda,45,13,2,0.32887011766433716
coco2017_scda,45,14,2,0.28980594873428345
coco2017_scda,45,15,2,0.21298207342624664
coco2017_scda,45,16,2,0.19675981998443604
coco2017_scda,45,17,3,0.22654470801353455
coco2017_scda,45,18,3,0.22877149283885956
coco2017_scda,45,19,3,0.2666926980018616
coco2017_scda,45,20,3,0.2023172676563263
coco2017_scda,45,21,3,0.27903228998184204
coco2017_scda,45,22,3,0.29160207509994507
coco2017_scda,45,23,3,0.20841866731643677
coco2017_scda,45,24,3,0.2196885645389557
coco2017_scda,45,25,4,0.325850248336792
coco2017_scda,45,26,4,0.24126192927360535
coco2017_scda,45,27,4,0.31649574637413025
coco2017_scda,45,28,4,0.3317979872226715
coco2017_scda,45,29,4,0.22729438543319702
coco2017_scda,45,30,4,0.19887787103652954
coco2017_scda,45,31,4,0.2316911518573761
coco2017_scda,45,32,4,0.3033498227596283
coco2017_scda,45,33,5,0.2457118183374405
coco2017_scda,45,34,5,0.27254486083984375
coco2017_scda,45,35,5,0.29980382323265076
coco2017_scda,45,36,5,0.19618842005729675
coco2017_scda,45,37,5,0.2520952820777893
coco2017_scda,45,38,5,0.34422439336776733
coco2017_scda,45,39,5,0.28249797224998474
coco2017_scda,45,40,5,0.3304192125797272
coco2017_scda,45,41,6,0.17282640933990479
coco2017_scda,45,42,6,0.22489985823631287
coco2017_scda,45,43,6,0.27107053995132446
coco2017_scda,45,44,6,0.277890145778656
coco2017_scda,45,45,6,0.22178533673286438
coco2017_scda,45,46,6,0.31825175881385803
coco2017_scda,45,47,6,0.3238261640071869
coco2017_scda,45,48,6,0.27853894233703613
coco2017_scda,45,49,7,0.20891223847866058
coco2017_scda,45,50,7,0.18896031379699707
coco2017_scda,45,51,7,0.2911716103553772
coco2017_scda,45,52,7,0.2721841335296631
coco2017_scda,45,53,7,0.24498674273490906
coco2017_scda,45,54,7,0.3274509310722351
coco2017_scda,45,55,7,0.24382981657981873
coco2017_scda,45,56,7,0.2430287003517151
coco2017_scda,45,57,8,0.37368595600128174
coco2017_scda,45,58,8,0.3083047568798065
coco2017_scda,45,59,8,0.32307806611061096
coco2017_scda,45,60,8,0.2700013816356659
coco2017_scda,45,61,8,0.26346978545188904
coco2017_scda,45,62,8,0.3795713186264038
coco2017_scda,45,63,8,0.25718167424201965
coco2017_scda,45,64,8,0.428612619638443
fullspan_final,43,1,1,0.31505221128463745
fullspan_final,43,2,1,0.3713054656982422
fullspan_final,43,3,1,0.28014424443244934
fullspan_final,43,4,1,0.23597995936870575
fullspan_final,43,5,1,0.23725613951683044
fullspan_final,43,6,1,0.2624911367893219
fullspan_final,43,7,1,0.25088828802108765
fullspan_final,43,8,1,0.2545855939388275
fullspan_final,43,9,2,0.29685577750205994
fullspan_final,43,10,2,0.307315468788147
fullspan_final,43,11,2,0.2899901568889618
fullspan_final,43,12,2,0.3216971158981323
fullspan_final,43,13,2,0.3659012019634247
fullspan_final,43,14,2,0.24287471175193787
fullspan_final,43,15,2,0.2082851231098175
fullspan_final,43,16,2,0.18533232808113098
fullspan_final,43,17,3,0.29182881116867065
fullspan_final,43,18,3,0.23052936792373657
fullspan_final,43,19,3,0.3061060905456543
fullspan_final,43,20,3,0.32263705134391785
fullspan_final,43,21,3,0.32503125071525574
fullspan_final,43,22,3,0.3015531897544861
fullspan_final,43,23,3,0.28402745723724365
fullspan_final,43,24,3,0.289999783039093
fullspan_final,43,25,4,0.32971110939979553
fullspan_final,43,26,4,0.28524088859558105
fullspan_final,43,27,4,0.27019625902175903
fullspan_final,43,28,4,0.35621702671051025
fullspan_final,43,29,4,0.24237921833992004
fullspan_final,43,30,4,0.19931119680404663
fullspan_final,43,31,4,0.26610758900642395
fullspan_final,43,32,4,0.33556538820266724
fullspan_final,43,33,5,0.20884914696216583
fullspan_final,43,34,5,0.2891286611557007
fullspan_final,43,35,5,0.30207109451293945
fullspan_final,43,36,5,0.2563527226448059
fullspan_final,43,37,5,0.3518126308917999
fullspan_final,43,38,5,0.3303258419036865
fullspan_final,43,39,5,0.3103439211845398
fullspan_final,43,40,5,0.31309592723846436
fullspan_final,43,41,6,0.15902215242385864
fullspan_final,43,42,6,0.25303658843040466
fullspan_final,43,43,6,0.21229514479637146
fullspan_final,43,44,6,0.33016037940979004
fullspan_final,43,45,6,0.26503464579582214
fullspan_final,43,46,6,0.2974195182323456
fullspan_final,43,47,6,0.33744359016418457
fullspan_final,43,48,6,0.21704566478729248
fullspan_final,43,49,7,0.15776214003562927
fullspan_final,43,50,7,0.20823748409748077
fullspan_final,43,51,7,0.36132535338401794
fullspan_final,43,52,7,0.2914361357688904
fullspan_final,43,53,7,0.29554659128189087
fullspan_final,43,54,7,0.2786727547645569
fullspan_final,43,55,7,0.3105084002017975
fullspan_final,43,56,7,0.3192358613014221
fullspan_final,43,57,8,0.33534881472587585
fullspan_final,43,58,8,0.3322330117225647
fullspan_final,43,59,8,0.28670716285705566
fullspan_final,43,60,8,0.23159745335578918
fullspan_final,43,61,8,0.24212121963500977
fullspan_final,43,62,8,0.3435550332069397
fullspan_final,43,63,8,0.3844292163848877
fullspan_final,43,64,8,0.4079609215259552
fullspan_final,44,1,1,0.3137766718864441
fullspan_final,44,2,1,0.3422287702560425
fullspan_final,44,3,1,0.3243575394153595
fullspan_final,44,4,1,0.2954362630844116
fullspan_final,44,5,1,0.2453029602766037
fullspan_final,44,6,1,0.2934918999671936
fullspan_final,44,7,1,0.18424123525619507
fullspan_final,44,8,1,0.2638988196849823
fullspan_final,44,9,2,0.23786595463752747
fullspan_final,44,10,2,0.2914910912513733
fullspan_final,44,11,2,0.30401644110679626
fullspan_final,44,12,2,0.38925305008888245
fullspan_final,44,13,2,0.34882041811943054
fullspan_final,44,14,2,0.28948724269866943
fullspan_final,44,15,2,0.2037513703107834
fullspan_final,44,16,2,0.2150880992412567
fullspan_final,44,17,3,0.2672616243362427
fullspan_final,44,18,3,0.21759851276874542
fullspan_final,44,19,3,0.3269367814064026
fullspan_final,44,20,3,0.27709439396858215
fullspan_final,44,21,3,0.27769890427589417
fullspan_final,44,22,3,0.28070735931396484
fullspan_final,44,23,3,0.2950669825077057
fullspan_final,44,24,3,0.3226078748703003
fullspan_final,44,25,4,0.29777467250823975
fullspan_final,44,26,4,0.2680855393409729
fullspan_final,44,27,4,0.2606860399246216
fullspan_final,44,28,4,0.3127194344997406
fullspan_final,44,29,4,0.23199878633022308
fullspan_final,44,30,4,0.1971602737903595
fullspan_final,44,31,4,0.26266396045684814
fullspan_final,44,32,4,0.3058207035064697
fullspan_final,44,33,5,0.2585357427597046
fullspan_final,44,34,5,0.19167834520339966
fullspan_final,44,35,5,0.28786200284957886
fullspan_final,44,36,5,0.16157236695289612
fullspan_final,44,37,5,0.26225361227989197
fullspan_final,44,38,5,0.30840393900871277
fullspan_final,44,39,5,0.2797354757785797
fullspan_final,44,40,5,0.32226991653442383
fullspan_final,44,41,6,0.20817826688289642
fullspan_final,44,42,6,0.225358247756958
fullspan_final,44,43,6,0.19342084228992462
fullspan_final,44,44,6,0.27079978585243225
fullspan_final,44,45,6,0.2831639051437378
fullspan_final,44,46,6,0.3471115529537201
fullspan_final,44,47,6,0.32391247153282166
fullspan_final,44,48,6,0.30523914098739624
fullspan_final,44,49,7,0.21635672450065613
fullspan_final,44,50,7,0.24140264093875885
fullspan_final,44,51,7,0.27588650584220886
fullspan_final,44,52,7,0.32527777552604675
fullspan_final,44,53,7,0.2897323966026306
fullspan_final,44,54,7,0.33894839882850647
fullspan_final,44,55,7,0.2646366357803345
fullspan_final,44,56,7,0.2908465266227722
fullspan_final,44,57,8,0.34419187903404236
fullspan_final,44,58,8,0.31508874893188477
fullspan_final,44,59,8,0.31455665826797485
fullspan_final,44,60,8,0.32616129517555237
fullspan_final,44,61,8,0.3091290295124054
fullspan_final,44,62,8,0.36651748418807983
fullspan_final,44,63,8,0.35841289162635803
fullspan_final,44,64,8,0.3965907096862793
fullspan_final,45,1,1,0.3443942070007324
fullspan_final,45,2,1,0.3522423803806305
fullspan_final,45,3,1,0.29300135374069214
fullspan_final,45,4,1,0.34915950894355774
fullspan_final,45,5,1,0.2471049726009369
fullspan_final,45,6,1,0.30378684401512146
fullspan_final,45,7,1,0.26784300804138184
fullspan_final,45,8,1,0.2556290030479431
fullspan_final,45,9,2,0.29344576597213745
fullspan_final,45,10,2,0.2830793261528015
fullspan_final,45,11,2,0.29193612933158875
fullspan_final,45,12,2,0.28657984733581543
fullspan_final,45,13,2,0.37159228324890137
fullspan_final,45,14,2,0.32304322719573975
fullspan_final,45,15,2,0.21767432987689972
fullspan_final,45,16,2,0.19921323657035828
fullspan_final,45,17,3,0.21115359663963318
fullspan_final,45,18,3,0.24619737267494202
fullspan_final,45,19,3,0.25851088762283325
fullspan_final,45,20,3,0.26111364364624023
fullspan_final,45,21,3,0.28525295853614807
fullspan_final,45,22,3,0.2820369601249695
fullspan_final,45,23,3,0.23843476176261902
fullspan_final,45,24,3,0.2132560908794403
fullspan_final,45,25,4,0.32366225123405457
fullspan_final,45,26,4,0.28136104345321655
fullspan_final,45,27,4,0.3415701389312744
fullspan_final,45,28,4,0.32233697175979614
fullspan_final,45,29,4,0.2417752742767334
fullspan_final,45,30,4,0.18120074272155762
fullspan_final,45,31,4,0.22692856192588806
fullspan_final,45,32,4,0.2986319959163666
fullspan_final,45,33,5,0.2595211863517761
fullspan_final,45,34,5,0.2271895408630371
fullspan_final,45,35,5,0.3063969612121582
fullspan_final,45,36,5,0.19129246473312378
fullspan_final,45,37,5,0.26941871643066406
fullspan_final,45,38,5,0.31568843126296997
fullspan_final,45,39,5,0.282124400138855
fullspan_final,45,40,5,0.3325231075286865
fullspan_final,45,41,6,0.16778911650180817
fullspan_final,45,42,6,0.2372792363166809
fullspan_final,45,43,6,0.27270346879959106
fullspan_final,45,44,6,0.2762426733970642
fullspan_final,45,45,6,0.30460238456726074
fullspan_final,45,46,6,0.3250821828842163
fullspan_final,45,47,6,0.3136659264564514
fullspan_final,45,48,6,0.27350133657455444
fullspan_final,45,49,7,0.1961563676595688
fullspan_final,45,50,7,0.18938857316970825
fullspan_final,45,51,7,0.31751978397369385
fullspan_final,45,52,7,0.2539640963077545
fullspan_final,45,53,7,0.31166282296180725
fullspan_final,45,54,7,0.32517215609550476
fullspan_final,45,55,7,0.2643201947212219
fullspan_final,45,56,7,0.2724381983280182
fullspan_final,45,57,8,0.3668283522129059
fullspan_final,45,58,8,0.3144060969352722
fullspan_final,45,59,8,0.31617769598960876
fullspan_final,45,60,8,0.29150640964508057
fullspan_final,45,61,8,0.2531384527683258
fullspan_final,45,62,8,0.39102059602737427
fullspan_final,45,63,8,0.27097058296203613
fullspan_final,45,64,8,0.42220014333724976
token_pair,43,1,1,0.3823363184928894
token_pair,43,2,1,0.32742440700531006
token_pair,43,3,1,0.3113003671169281
token_pair,43,4,1,0.3840899169445038
token_pair,43,5,1,0.2563380002975464
token_pair,43,6,1,0.2924920320510864
token_pair,43,7,1,0.256287157535553
token_pair,43,8,1,0.2563849091529846
token_pair,43,9,2,0.32733437418937683
token_pair,43,10,2,0.31105589866638184
token_pair,43,11,2,0.3627188205718994
token_pair,43,12,2,0.40764784812927246
token_pair,43,13,2,0.41689351201057434
token_pair,43,14,2,0.36310383677482605
token_pair,43,15,2,0.2909480929374695
token_pair,43,16,2,0.29371750354766846
token_pair,43,17,3,0.3766239285469055
token_pair,43,18,3,0.26874691247940063
token_pair,43,19,3,0.3220157027244568
token_pair,43,20,3,0.32466474175453186
token_pair,43,21,3,0.40642985701560974
token_pair,43,22,3,0.3097415268421173
token_pair,43,23,3,0.3144468069076538
token_pair,43,24,3,0.32539668679237366
token_pair,43,25,4,0.31745046377182007
token_pair,43,26,4,0.3432740271091461
token_pair,43,27,4,0.3760777413845062
token_pair,43,28,4,0.2921854853630066
token_pair,43,29,4,0.2455870658159256
token_pair,43,30,4,0.22298914194107056
token_pair,43,31,4,0.370606005191803
token_pair,43,32,4,0.3298320472240448
token_pair,43,33,5,0.2925972640514374
token_pair,43,34,5,0.31434133648872375
token_pair,43,35,5,0.3193643093109131
token_pair,43,36,5,0.34914568066596985
token_pair,43,37,5,0.3915165066719055
token_pair,43,38,5,0.3687552213668823
token_pair,43,39,5,0.30840885639190674
token_pair,43,40,5,0.32179972529411316
token_pair,43,41,6,0.22136633098125458
token_pair,43,42,6,0.33642804622650146
token_pair,43,43,6,0.3020251393318176
token_pair,43,44,6,0.3688884377479553
token_pair,43,45,6,0.29467087984085083
token_pair,43,46,6,0.36563313007354736
token_pair,43,47,6,0.3577689230442047
token_pair,43,48,6,0.2858615517616272
token_pair,43,49,7,0.2850308418273926
token_pair,43,50,7,0.27152207493782043
token_pair,43,51,7,0.4106079041957855
token_pair,43,52,7,0.3162672519683838
token_pair,43,53,7,0.3526047468185425
token_pair,43,54,7,0.356374055147171
token_pair,43,55,7,0.38336724042892456
token_pair,43,56,7,0.2964293360710144
token_pair,43,57,8,0.37670665979385376
token_pair,43,58,8,0.31382888555526733
token_pair,43,59,8,0.3216160237789154
token_pair,43,60,8,0.3254701793193817
token_pair,43,61,8,0.384630024433136
token_pair,43,62,8,0.3613455891609192
token_pair,43,63,8,0.38658687472343445
token_pair,43,64,8,0.42881691455841064
token_pair,44,1,1,0.373732328414917
token_pair,44,2,1,0.33779317140579224
token_pair,44,3,1,0.325122594833374
token_pair,44,4,1,0.38805052638053894
token_pair,44,5,1,0.2738324999809265
token_pair,44,6,1,0.26881805062294006
token_pair,44,7,1,0.2601703405380249
token_pair,44,8,1,0.2720559239387512
token_pair,44,9,2,0.28911542892456055
token_pair,44,10,2,0.29839664697647095
token_pair,44,11,2,0.339219331741333
token_pair,44,12,2,0.4242933988571167
token_pair,44,13,2,0.35378238558769226
token_pair,44,14,2,0.32902079820632935
token_pair,44,15,2,0.2927207946777344
token_pair,44,16,2,0.308784544467926
token_pair,44,17,3,0.3762936294078827
token_pair,44,18,3,0.24429038166999817
token_pair,44,19,3,0.32556039094924927
token_pair,44,20,3,0.31833213567733765
token_pair,44,21,3,0.4180580973625183
token_pair,44,22,3,0.3098065257072449
token_pair,44,23,3,0.32574349641799927
token_pair,44,24,3,0.31695306301116943
token_pair,44,25,4,0.3198622465133667
token_pair,44,26,4,0.3795592188835144
token_pair,44,27,4,0.33970171213150024
token_pair,44,28,4,0.3280840814113617
token_pair,44,29,4,0.21177923679351807
token_pair,44,30,4,0.228238046169281
token_pair,44,31,4,0.3312326669692993
token_pair,44,32,4,0.273820161819458
token_pair,44,33,5,0.3030353784561157
token_pair,44,34,5,0.2829768657684326
token_pair,44,35,5,0.32280391454696655
token_pair,44,36,5,0.345559686422348
token_pair,44,37,5,0.36189180612564087
token_pair,44,38,5,0.34387749433517456
token_pair,44,39,5,0.369026780128479
token_pair,44,40,5,0.33179807662963867
token_pair,44,41,6,0.23851044476032257
token_pair,44,42,6,0.31846556067466736
token_pair,44,43,6,0.2719550132751465
token_pair,44,44,6,0.3676142394542694
token_pair,44,45,6,0.3132791519165039
token_pair,44,46,6,0.3687244951725006
token_pair,44,47,6,0.379839152097702
token_pair,44,48,6,0.3169778287410736
token_pair,44,49,7,0.26305848360061646
token_pair,44,50,7,0.2613682746887207
token_pair,44,51,7,0.3849635720252991
token_pair,44,52,7,0.3257603049278259
token_pair,44,53,7,0.34551870822906494
token_pair,44,54,7,0.34395933151245117
token_pair,44,55,7,0.3292112946510315
token_pair,44,56,7,0.2952766716480255
token_pair,44,57,8,0.39074432849884033
token_pair,44,58,8,0.3211706578731537
token_pair,44,59,8,0.3040030300617218
token_pair,44,60,8,0.2948630452156067
token_pair,44,61,8,0.35901540517807007
token_pair,44,62,8,0.3807636797428131
token_pair,44,63,8,0.3764173984527588
token_pair,44,64,8,0.38519567251205444
token_pair,45,1,1,0.3903253674507141
token_pair,45,2,1,0.34412217140197754
token_pair,45,3,1,0.3184274435043335
token_pair,45,4,1,0.40040549635887146
token_pair,45,5,1,0.2600118815898895
token_pair,45,6,1,0.2729051113128662
token_pair,45,7,1,0.2559565007686615
token_pair,45,8,1,0.29623648524284363
token_pair,45,9,2,0.30724048614501953
token_pair,45,10,2,0.3083389103412628
token_pair,45,11,2,0.36682218313217163
token_pair,45,12,2,0.395061194896698
token_pair,45,13,2,0.3337416648864746
token_pair,45,14,2,0.3430032432079315
token_pair,45,15,2,0.27266132831573486
token_pair,45,16,2,0.3377806544303894
token_pair,45,17,3,0.3753894567489624
token_pair,45,18,3,0.25750142335891724
token_pair,45,19,3,0.3182051181793213
token_pair,45,20,3,0.32170069217681885
token_pair,45,21,3,0.3885737955570221
token_pair,45,22,3,0.30794286727905273
token_pair,45,23,3,0.31420016288757324
token_pair,45,24,3,0.33358991146087646
token_pair,45,25,4,0.3480300307273865
token_pair,45,26,4,0.36390724778175354
token_pair,45,27,4,0.361330509185791
token_pair,45,28,4,0.3119404911994934
token_pair,45,29,4,0.21950869262218475
token_pair,45,30,4,0.22233135998249054
token_pair,45,31,4,0.3302599787712097
token_pair,45,32,4,0.32773545384407043
token_pair,45,33,5,0.31773310899734497
token_pair,45,34,5,0.33501067757606506
token_pair,45,35,5,0.33723628520965576
token_pair,45,36,5,0.29668813943862915
token_pair,45,37,5,0.34323564171791077
token_pair,45,38,5,0.34896886348724365
token_pair,45,39,5,0.2960447072982788
token_pair,45,40,5,0.3572540283203125
token_pair,45,41,6,0.24903075397014618
token_pair,45,42,6,0.29192662239074707
token_pair,45,43,6,0.2929113507270813
token_pair,45,44,6,0.3356529474258423
token_pair,45,45,6,0.3500373959541321
token_pair,45,46,6,0.38841691613197327
token_pair,45,47,6,0.35595470666885376
token_pair,45,48,6,0.3039006292819977
token_pair,45,49,7,0.2615293562412262
token_pair,45,50,7,0.267991840839386
token_pair,45,51,7,0.38687801361083984
token_pair,45,52,7,0.29483771324157715
token_pair,45,53,7,0.3493298590183258
token_pair,45,54,7,0.35941892862319946
token_pair,45,55,7,0.363094687461853
token_pair,45,56,7,0.31297600269317627
token_pair,45,57,8,0.38097652792930603
token_pair,45,58,8,0.30932772159576416
token_pair,45,59,8,0.33512943983078003
token_pair,45,60,8,0.3225099444389343
token_pair,45,61,8,0.35906848311424255
token_pair,45,62,8,0.36977994441986084
token_pair,45,63,8,0.3542938530445099
token_pair,45,64,8,0.4187738299369812
learnable_layers,43,1,1,0.35820871591567993
learnable_layers,43,2,1,0.37148410081863403
learnable_layers,43,3,1,0.31572824716567993
learnable_layers,43,4,1,0.41277390718460083
learnable_layers,43,5,1,0.27349644899368286
learnable_layers,43,6,1,0.3115696609020233
learnable_layers,43,7,1,0.30859410762786865
learnable_layers,43,8,1,0.2784099578857422
learnable_layers,43,9,2,0.346722275018692
learnable_layers,43,10,2,0.30648544430732727
learnable_layers,43,11,2,0.3957386612892151
learnable_layers,43,12,2,0.40216463804244995
learnable_layers,43,13,2,0.4216240644454956
learnable_layers,43,14,2,0.36148345470428467
learnable_layers,43,15,2,0.28797447681427
learnable_layers,43,16,2,0.3255883455276489
learnable_layers,43,17,3,0.3778546452522278
learnable_layers,43,18,3,0.2941126227378845
learnable_layers,43,19,3,0.3559727966785431
learnable_layers,43,20,3,0.31740355491638184
learnable_layers,43,21,3,0.40391069650650024
learnable_layers,43,22,3,0.34129422903060913
learnable_layers,43,23,3,0.3096526265144348
learnable_layers,43,24,3,0.30413925647735596
learnable_layers,43,25,4,0.38064610958099365
learnable_layers,43,26,4,0.3690635561943054
learnable_layers,43,27,4,0.41781383752822876
learnable_layers,43,28,4,0.3175848722457886
learnable_layers,43,29,4,0.2571535110473633
learnable_layers,43,30,4,0.23423711955547333
learnable_layers,43,31,4,0.3466984033584595
learnable_layers,43,32,4,0.34354060888290405
learnable_layers,43,33,5,0.28846949338912964
learnable_layers,43,34,5,0.32135912775993347
learnable_layers,43,35,5,0.3330015540122986
learnable_layers,43,36,5,0.3626774549484253
learnable_layers,43,37,5,0.3696615695953369
learnable_layers,43,38,5,0.38279467821121216
learnable_layers,43,39,5,0.3818182051181793
learnable_layers,43,40,5,0.3621167540550232
learnable_layers,43,41,6,0.22878731787204742
learnable_layers,43,42,6,0.3609463572502136
learnable_layers,43,43,6,0.31846216320991516
learnable_layers,43,44,6,0.38223564624786377
learnable_layers,43,45,6,0.3416215181350708
learnable_layers,43,46,6,0.39480626583099365
learnable_layers,43,47,6,0.3658914566040039
learnable_layers,43,48,6,0.28067076206207275
learnable_layers,43,49,7,0.30826741456985474
learnable_layers,43,50,7,0.27117639780044556
learnable_layers,43,51,7,0.40199923515319824
learnable_layers,43,52,7,0.338995099067688
learnable_layers,43,53,7,0.33014652132987976
learnable_layers,43,54,7,0.38115784525871277
learnable_layers,43,55,7,0.4090946316719055
learnable_layers,43,56,7,0.3097759485244751
learnable_layers,43,57,8,0.3695833086967468
learnable_layers,43,58,8,0.32133781909942627
learnable_layers,43,59,8,0.3765825927257538
learnable_layers,43,60,8,0.35361409187316895
learnable_layers,43,61,8,0.35743430256843567
learnable_layers,43,62,8,0.3748621344566345
learnable_layers,43,63,8,0.3833235502243042
learnable_layers,43,64,8,0.42946726083755493
learnable_layers,44,1,1,0.37498873472213745
learnable_layers,44,2,1,0.3660667836666107
learnable_layers,44,3,1,0.3232516646385193
learnable_layers,44,4,1,0.40373972058296204
learnable_layers,44,5,1,0.2798437774181366
learnable_layers,44,6,1,0.3314442038536072
learnable_layers,44,7,1,0.3122723400592804
learnable_layers,44,8,1,0.2981709837913513
learnable_layers,44,9,2,0.3249514102935791
learnable_layers,44,10,2,0.3183833360671997
learnable_layers,44,11,2,0.3544217348098755
learnable_layers,44,12,2,0.40796971321105957
learnable_layers,44,13,2,0.41973352432250977
learnable_layers,44,14,2,0.37041014432907104
learnable_layers,44,15,2,0.2920842170715332
learnable_layers,44,16,2,0.33570992946624756
learnable_layers,44,17,3,0.39135828614234924
learnable_layers,44,18,3,0.27171096205711365
learnable_layers,44,19,3,0.35002997517585754
learnable_layers,44,20,3,0.3356616199016571
learnable_layers,44,21,3,0.43236204981803894
learnable_layers,44,22,3,0.3333561420440674
learnable_layers,44,23,3,0.3345508873462677
learnable_layers,44,24,3,0.34443995356559753
learnable_layers,44,25,4,0.36094409227371216
learnable_layers,44,26,4,0.3869888484477997
learnable_layers,44,27,4,0.3922702968120575
learnable_layers,44,28,4,0.3314874470233917
learnable_layers,44,29,4,0.2513439953327179
learnable_layers,44,30,4,0.23548972606658936
learnable_layers,44,31,4,0.3061656951904297
learnable_layers,44,32,4,0.3194831609725952
learnable_layers,44,33,5,0.3105508089065552
learnable_layers,44,34,5,0.3016308546066284
learnable_layers,44,35,5,0.34693101048469543
learnable_layers,44,36,5,0.37181442975997925
learnable_layers,44,37,5,0.36719971895217896
learnable_layers,44,38,5,0.38441571593284607
learnable_layers,44,39,5,0.38656705617904663
learnable_layers,44,40,5,0.3336390256881714
learnable_layers,44,41,6,0.23726066946983337
learnable_layers,44,42,6,0.33763569593429565
learnable_layers,44,43,6,0.2853212356567383
learnable_layers,44,44,6,0.38096314668655396
learnable_layers,44,45,6,0.32766687870025635
learnable_layers,44,46,6,0.36600595712661743
learnable_layers,44,47,6,0.3501949906349182
learnable_layers,44,48,6,0.3277266025543213
learnable_layers,44,49,7,0.2741237282752991
learnable_layers,44,50,7,0.2731771469116211
learnable_layers,44,51,7,0.3770550489425659
learnable_layers,44,52,7,0.34938111901283264
learnable_layers,44,53,7,0.3607233166694641
learnable_layers,44,54,7,0.3745131492614746
learnable_layers,44,55,7,0.37930572032928467
learnable_layers,44,56,7,0.3160056173801422
learnable_layers,44,57,8,0.38473689556121826
learnable_layers,44,58,8,0.33577439188957214
learnable_layers,44,59,8,0.3836820125579834
learnable_layers,44,60,8,0.3490374684333801
learnable_layers,44,61,8,0.3627365827560425
learnable_layers,44,62,8,0.3640100359916687
learnable_layers,44,63,8,0.37202972173690796
learnable_layers,44,64,8,0.4006330966949463
learnable_layers,45,1,1,0.3867087960243225
learnable_layers,45,2,1,0.35289275646209717
learnable_layers,45,3,1,0.32599031925201416
learnable_layers,45,4,1,0.3848966956138611
learnable_layers,45,5,1,0.2634853720664978
learnable_layers,45,6,1,0.32366496324539185
learnable_layers,45,7,1,0.3211500644683838
learnable_layers,45,8,1,0.28033238649368286
learnable_layers,45,9,2,0.3323385417461395
learnable_layers,45,10,2,0.3031817674636841
learnable_layers,45,11,2,0.36200040578842163
learnable_layers,45,12,2,0.39403432607650757
learnable_layers,45,13,2,0.3980323374271393
learnable_layers,45,14,2,0.36362454295158386
learnable_layers,45,15,2,0.28389111161231995
learnable_layers,45,16,2,0.3394762873649597
learnable_layers,45,17,3,0.3885080814361572
learnable_layers,45,18,3,0.27760791778564453
learnable_layers,45,19,3,0.3396604359149933
learnable_layers,45,20,3,0.34346508979797363
learnable_layers,45,21,3,0.3858223557472229
learnable_layers,45,22,3,0.3200928568840027
learnable_layers,45,23,3,0.3103863000869751
learnable_layers,45,24,3,0.3444449305534363
learnable_layers,45,25,4,0.37944334745407104
learnable_layers,45,26,4,0.3662487268447876
learnable_layers,45,27,4,0.39695319533348083
learnable_layers,45,28,4,0.33011627197265625
learnable_layers,45,29,4,0.21395988762378693
learnable_layers,45,30,4,0.22641447186470032
learnable_layers,45,31,4,0.3585318922996521
learnable_layers,45,32,4,0.34400761127471924
learnable_layers,45,33,5,0.34255391359329224
learnable_layers,45,34,5,0.3419085741043091
learnable_layers,45,35,5,0.3372582495212555
learnable_layers,45,36,5,0.36648574471473694
learnable_layers,45,37,5,0.36954206228256226
learnable_layers,45,38,5,0.3833683729171753
learnable_layers,45,39,5,0.39697182178497314
learnable_layers,45,40,5,0.3683180809020996
learnable_layers,45,41,6,0.2648807764053345
learnable_layers,45,42,6,0.33411532640457153
learnable_layers,45,43,6,0.2811833620071411
learnable_layers,45,44,6,0.38130712509155273
learnable_layers,45,45,6,0.3409106731414795
learnable_layers,45,46,6,0.3953583836555481
learnable_layers,45,47,6,0.3659045100212097
learnable_layers,45,48,6,0.3248695135116577
learnable_layers,45,49,7,0.2735373079776764
learnable_layers,45,50,7,0.2734062075614929
learnable_layers,45,51,7,0.3735605776309967
learnable_layers,45,52,7,0.3360625207424164
learnable_layers,45,53,7,0.4175686240196228
learnable_layers,45,54,7,0.3631627559661865
learnable_layers,45,55,7,0.38521337509155273
learnable_layers,45,56,7,0.309756875038147
learnable_layers,45,57,8,0.37874844670295715
learnable_layers,45,58,8,0.32340767979621887
learnable_layers,45,59,8,0.3668668270111084
learnable_layers,45,60,8,0.3249056935310364
learnable_layers,45,61,8,0.3532671332359314
learnable_layers,45,62,8,0.36927714943885803
learnable_layers,45,63,8,0.38057518005371094
learnable_layers,45,64,8,0.4181964695453644
