model,seed,n,clip_mean,clip_std
baseline,43,64,0.34441354870796204,0.045250069350004196
baseline,44,64,0.34281712770462036,0.04298149794340134
baseline,45,64,0.3442082405090332,0.04387359321117401
coco2017_scda,43,64,0.28595060110092163,0.0538870133459568
coco2017_scda,44,64,0.2826318144798279,0.05047570541501045
coco2017_scda,45,64,0.27530407905578613,0.05232061818242073
fullspan_final,43,64,0.28566426038742065,0.05343624949455261
fullspan_final,44,64,0.28355658054351807,0.050496552139520645
fullspan_final,45,64,0.2813287377357483,0.051663197576999664
learnable_layers,43,64,0.3443947434425354,0.04574054852128029
learnable_layers,44,64,0.34318023920059204,0.04279625788331032
learnable_layers,45,64,0.3434971272945404,0.04391864314675331
token_pair,43,64,0.33056122064590454,0.047332148998975754
token_pair,44,64,0.32468515634536743,0.04554259404540062
token_pair,45,64,0.3273610472679138,0.043238166719675064
