item_id,category,prompt,A,B,A_path,B_path
0,color,a green bench and a blue bowl,frozen,tpscda,/root/compbench_work/images/frozen/color/a green bench and a blue bowl_000000.png,/root/compbench_work/images/tpscda/color/a green bench and a blue bowl_000000.png
1,color,a blue bench and a green bowl,frozen,tpscda,/root/compbench_work/images/frozen/color/a blue bench and a green bowl_000010.png,/root/compbench_work/images/tpscda/color/a blue bench and a green bowl_000010.png
2,color,a green bench and a blue cake,frozen,tpscda,/root/compbench_work/images/frozen/color/a green bench and a blue cake_000020.png,/root/compbench_work/images/tpscda/color/a green bench and a blue cake_000020.png
3,color,a blue bench and a green cake,frozen,tpscda,/root/compbench_work/images/frozen/color/a blue bench and a green cake_000030.png,/root/compbench_work/images/tpscda/color/a blue bench and a green cake_000030.png
4,color,a brown horse and a blue vase,frozen,tpscda,/root/compbench_work/images/frozen/color/a brown horse and a blue vase_000040.png,/root/compbench_work/images/tpscda/color/a brown horse and a blue vase_000040.png
5,color,a blue horse and a brown vase,tpscda,frozen,/root/compbench_work/images/tpscda/color/a blue horse and a brown vase_000050.png,/root/compbench_work/images/frozen/color/a blue horse and a brown vase_000050.png
6,color,a blue backpack and a brown cow,frozen,tpscda,/root/compbench_work/images/frozen/color/a blue backpack and a brown cow_000060.png,/root/compbench_work/images/tpscda/color/a blue backpack and a brown cow_000060.png
7,color,a brown backpack and a blue cow,tpscda,frozen,/root/compbench_work/images/tpscda/color/a brown backpack and a blue cow_000070.png,/root/compbench_work/images/frozen/color/a brown backpack and a blue cow_000070.png
8,color,a blue backpack and a red book,tpscda,frozen,/root/compbench_work/images/tpscda/color/a blue backpack and a red book_000080.png,/root/compbench_work/images/frozen/color/a blue backpack and a red book_000080.png
9,color,a red backpack and a blue book,frozen,tpscda,/root/compbench_work/images/frozen/color/a red backpack and a blue book_000090.png,/root/compbench_work/images/tpscda/color/a red backpack and a blue book_000090.png
10,color,a brown bear and a red book,tpscda,frozen,/root/compbench_work/images/tpscda/color/a brown bear and a red book_000100.png,/root/compbench_work/images/frozen/color/a brown bear and a red book_000100.png
11,color,a red bear and a brown book,frozen,tpscda,/root/compbench_work/images/frozen/color/a red bear and a brown book_000110.png,/root/compbench_work/images/tpscda/color/a red bear and a brown book_000110.png
12,color,a red orange and a brown sheep,tpscda,frozen,/root/compbench_work/images/tpscda/color/a red orange and a brown sheep_000120.png,/root/compbench_work/images/frozen/color/a red orange and a brown sheep_000120.png
13,color,a brown orange and a red sheep,tpscda,frozen,/root/compbench_work/images/tpscda/color/a brown orange and a red sheep_000130.png,/root/compbench_work/images/frozen/color/a brown orange and a red sheep_000130.png
14,color,a green banana and a brown dog,frozen,tpscda,/root/compbench_work/images/frozen/color/a green banana and a brown dog_000140.png,/root/compbench_work/images/tpscda/color/a green banana and a brown dog_000140.png
15,color,a brown banana and a green dog,tpscda,frozen,/root/compbench_work/images/tpscda/color/a brown banana and a green dog_000150.png,/root/compbench_work/images/frozen/color/a brown banana and a green dog_000150.png
16,color,a green banana and a brown horse,tpscda,frozen,/root/compbench_work/images/tpscda/color/a green banana and a brown horse_000160.png,/root/compbench_work/images/frozen/color/a green banana and a brown horse_000160.png
17,color,a brown banana and a green horse,frozen,tpscda,/root/compbench_work/images/frozen/color/a brown banana and a green horse_000170.png,/root/compbench_work/images/tpscda/color/a brown banana and a green horse_000170.png
18,color,a blue cake and a red suitcase,tpscda,frozen,/root/compbench_work/images/tpscda/color/a blue cake and a red suitcase_000180.png,/root/compbench_work/images/frozen/color/a blue cake and a red suitcase_000180.png
19,color,a red cake and a blue suitcase,tpscda,frozen,/root/compbench_work/images/tpscda/color/a red cake and a blue suitcase_000190.png,/root/compbench_work/images/frozen/color/a red cake and a blue suitcase_000190.png
20,color,a brown elephant and a red suitcase,frozen,tpscda,/root/compbench_work/images/frozen/color/a brown elephant and a red suitcase_000200.png,/root/compbench_work/images/tpscda/color/a brown elephant and a red suitcase_000200.png
21,color,a red elephant and a brown suitcase,tpscda,frozen,/root/compbench_work/images/tpscda/color/a red elephant and a brown suitcase_000210.png,/root/compbench_work/images/frozen/color/a red elephant and a brown suitcase_000210.png
22,color,a green apple and a brown horse,tpscda,frozen,/root/compbench_work/images/tpscda/color/a green apple and a brown horse_000220.png,/root/compbench_work/images/frozen/color/a green apple and a brown horse_000220.png
23,color,a brown apple and a green horse,tpscda,frozen,/root/compbench_work/images/tpscda/color/a brown apple and a green horse_000230.png,/root/compbench_work/images/frozen/color/a brown apple and a green horse_000230.png
24,color,a green banana and a blue vase,frozen,tpscda,/root/compbench_work/images/frozen/color/a green banana and a blue vase_000240.png,/root/compbench_work/images/tpscda/color/a green banana and a blue vase_000240.png
25,color,a blue banana and a green vase,frozen,tpscda,/root/compbench_work/images/frozen/color/a blue banana and a green vase_000250.png,/root/compbench_work/images/tpscda/color/a blue banana and a green vase_000250.png
26,color,a blue backpack and a brown bear,tpscda,frozen,/root/compbench_work/images/tpscda/color/a blue backpack and a brown bear_000260.png,/root/compbench_work/images/frozen/color/a blue backpack and a brown bear_000260.png
27,color,a brown backpack and a blue bear,tpscda,frozen,/root/compbench_work/images/tpscda/color/a brown backpack and a blue bear_000270.png,/root/compbench_work/images/frozen/color/a brown backpack and a blue bear_000270.png
28,color,a green apple and a blue vase,tpscda,frozen,/root/compbench_work/images/tpscda/color/a green apple and a blue vase_000280.png,/root/compbench_work/images/frozen/color/a green apple and a blue vase_000280.png
29,color,a blue apple and a green vase,frozen,tpscda,/root/compbench_work/images/frozen/color/a blue apple and a green vase_000290.png,/root/compbench_work/images/tpscda/color/a blue apple and a green vase_000290.png
30,color,a green banana and a red suitcase,tpscda,frozen,/root/compbench_work/images/tpscda/color/a green banana and a red suitcase_000300.png,/root/compbench_work/images/frozen/color/a green banana and a red suitcase_000300.png
31,color,a red banana and a green suitcase,tpscda,frozen,/root/compbench_work/images/tpscda/color/a red banana and a green suitcase_000310.png,/root/compbench_work/images/frozen/color/a red banana and a green suitcase_000310.png
32,color,a blue bowl and a brown elephant,tpscda,frozen,/root/compbench_work/images/tpscda/color/a blue bowl and a brown elephant_000320.png,/root/compbench_work/images/frozen/color/a blue bowl and a brown elephant_000320.png
33,color,a brown bowl and a blue elephant,tpscda,frozen,/root/compbench_work/images/tpscda/color/a brown bowl and a blue elephant_000330.png,/root/compbench_work/images/frozen/color/a brown bowl and a blue elephant_000330.png
34,color,a blue backpack and a red orange,tpscda,frozen,/root/compbench_work/images/tpscda/color/a blue backpack and a red orange_000340.png,/root/compbench_work/images/frozen/color/a blue backpack and a red orange_000340.png
35,color,a red backpack and a blue orange,frozen,tpscda,/root/compbench_work/images/frozen/color/a red backpack and a blue orange_000350.png,/root/compbench_work/images/tpscda/color/a red backpack and a blue orange_000350.png
36,color,a blue backpack and a red chair,tpscda,frozen,/root/compbench_work/images/tpscda/color/a blue backpack and a red chair_000360.png,/root/compbench_work/images/frozen/color/a blue backpack and a red chair_000360.png
37,color,a red backpack and a blue chair,tpscda,frozen,/root/compbench_work/images/tpscda/color/a red backpack and a blue chair_000370.png,/root/compbench_work/images/frozen/color/a red backpack and a blue chair_000370.png
38,color,a blue cup and a brown horse,frozen,tpscda,/root/compbench_work/images/frozen/color/a blue cup and a brown horse_000380.png,/root/compbench_work/images/tpscda/color/a blue cup and a brown horse_000380.png
39,color,a brown cup and a blue horse,frozen,tpscda,/root/compbench_work/images/frozen/color/a brown cup and a blue horse_000390.png,/root/compbench_work/images/tpscda/color/a brown cup and a blue horse_000390.png
40,color,a brown sheep and a blue vase,frozen,tpscda,/root/compbench_work/images/frozen/color/a brown sheep and a blue vase_000400.png,/root/compbench_work/images/tpscda/color/a brown sheep and a blue vase_000400.png
41,color,a blue sheep and a brown vase,tpscda,frozen,/root/compbench_work/images/tpscda/color/a blue sheep and a brown vase_000410.png,/root/compbench_work/images/frozen/color/a blue sheep and a brown vase_000410.png
42,color,a brown cat and a gold clock,tpscda,frozen,/root/compbench_work/images/tpscda/color/a brown cat and a gold clock_000420.png,/root/compbench_work/images/frozen/color/a brown cat and a gold clock_000420.png
43,color,a gold cat and a brown clock,tpscda,frozen,/root/compbench_work/images/tpscda/color/a gold cat and a brown clock_000430.png,/root/compbench_work/images/frozen/color/a gold cat and a brown clock_000430.png
44,color,a blue backpack and a green banana,frozen,tpscda,/root/compbench_work/images/frozen/color/a blue backpack and a green banana_000440.png,/root/compbench_work/images/tpscda/color/a blue backpack and a green banana_000440.png
45,color,a green backpack and a blue banana,tpscda,frozen,/root/compbench_work/images/tpscda/color/a green backpack and a blue banana_000450.png,/root/compbench_work/images/frozen/color/a green backpack and a blue banana_000450.png
46,color,a brown horse and a red orange,tpscda,frozen,/root/compbench_work/images/tpscda/color/a brown horse and a red orange_000460.png,/root/compbench_work/images/frozen/color/a brown horse and a red orange_000460.png
47,color,a red horse and a brown orange,frozen,tpscda,/root/compbench_work/images/frozen/color/a red horse and a brown orange_000470.png,/root/compbench_work/images/tpscda/color/a red horse and a brown orange_000470.png
48,color,a red chair and a brown elephant,frozen,tpscda,/root/compbench_work/images/frozen/color/a red chair and a brown elephant_000480.png,/root/compbench_work/images/tpscda/color/a red chair and a brown elephant_000480.png
49,color,a brown chair and a red elephant,tpscda,frozen,/root/compbench_work/images/tpscda/color/a brown chair and a red elephant_000490.png,/root/compbench_work/images/frozen/color/a brown chair and a red elephant_000490.png
50,color,a green apple and a blue backpack,tpscda,frozen,/root/compbench_work/images/tpscda/color/a green apple and a blue backpack_000500.png,/root/compbench_work/images/frozen/color/a green apple and a blue backpack_000500.png
51,color,a blue apple and a green backpack,tpscda,frozen,/root/compbench_work/images/tpscda/color/a blue apple and a green backpack_000510.png,/root/compbench_work/images/frozen/color/a blue apple and a green backpack_000510.png
52,color,a blue backpack and a gold clock,tpscda,frozen,/root/compbench_work/images/tpscda/color/a blue backpack and a gold clock_000520.png,/root/compbench_work/images/frozen/color/a blue backpack and a gold clock_000520.png
53,color,a gold backpack and a blue clock,tpscda,frozen,/root/compbench_work/images/tpscda/color/a gold backpack and a blue clock_000530.png,/root/compbench_work/images/frozen/color/a gold backpack and a blue clock_000530.png
54,color,a brown dog and a red orange,tpscda,frozen,/root/compbench_work/images/tpscda/color/a brown dog and a red orange_000540.png,/root/compbench_work/images/frozen/color/a brown dog and a red orange_000540.png
55,color,a red dog and a brown orange,tpscda,frozen,/root/compbench_work/images/tpscda/color/a red dog and a brown orange_000550.png,/root/compbench_work/images/frozen/color/a red dog and a brown orange_000550.png
56,color,a blue backpack and a brown sheep,tpscda,frozen,/root/compbench_work/images/tpscda/color/a blue backpack and a brown sheep_000560.png,/root/compbench_work/images/frozen/color/a blue backpack and a brown sheep_000560.png
57,color,a brown backpack and a blue sheep,frozen,tpscda,/root/compbench_work/images/frozen/color/a brown backpack and a blue sheep_000570.png,/root/compbench_work/images/tpscda/color/a brown backpack and a blue sheep_000570.png
58,color,a blue backpack and a brown giraffe,tpscda,frozen,/root/compbench_work/images/tpscda/color/a blue backpack and a brown giraffe_000580.png,/root/compbench_work/images/frozen/color/a blue backpack and a brown giraffe_000580.png
59,color,a brown backpack and a blue giraffe,frozen,tpscda,/root/compbench_work/images/frozen/color/a brown backpack and a blue giraffe_000590.png,/root/compbench_work/images/tpscda/color/a brown backpack and a blue giraffe_000590.png
60,color,a red book and a blue cake,frozen,tpscda,/root/compbench_work/images/frozen/color/a red book and a blue cake_000600.png,/root/compbench_work/images/tpscda/color/a red book and a blue cake_000600.png
61,color,a blue book and a red cake,tpscda,frozen,/root/compbench_work/images/tpscda/color/a blue book and a red cake_000610.png,/root/compbench_work/images/frozen/color/a blue book and a red cake_000610.png
62,color,a red suitcase and a blue vase,tpscda,frozen,/root/compbench_work/images/tpscda/color/a red suitcase and a blue vase_000620.png,/root/compbench_work/images/frozen/color/a red suitcase and a blue vase_000620.png
63,color,a blue suitcase and a red vase,frozen,tpscda,/root/compbench_work/images/frozen/color/a blue suitcase and a red vase_000630.png,/root/compbench_work/images/tpscda/color/a blue suitcase and a red vase_000630.png
64,color,a blue cup and a brown sheep,tpscda,frozen,/root/compbench_work/images/tpscda/color/a blue cup and a brown sheep_000640.png,/root/compbench_work/images/frozen/color/a blue cup and a brown sheep_000640.png
65,color,a brown cup and a blue sheep,frozen,tpscda,/root/compbench_work/images/frozen/color/a brown cup and a blue sheep_000650.png,/root/compbench_work/images/tpscda/color/a brown cup and a blue sheep_000650.png
66,color,a brown bear and a red train,frozen,tpscda,/root/compbench_work/images/frozen/color/a brown bear and a red train_000660.png,/root/compbench_work/images/tpscda/color/a brown bear and a red train_000660.png
67,color,a blue cup and a red orange,tpscda,frozen,/root/compbench_work/images/tpscda/color/a blue cup and a red orange_000670.png,/root/compbench_work/images/frozen/color/a blue cup and a red orange_000670.png
68,color,a red cup and a blue orange,frozen,tpscda,/root/compbench_work/images/frozen/color/a red cup and a blue orange_000680.png,/root/compbench_work/images/tpscda/color/a red cup and a blue orange_000680.png
69,color,a green apple and a red suitcase,frozen,tpscda,/root/compbench_work/images/frozen/color/a green apple and a red suitcase_000690.png,/root/compbench_work/images/tpscda/color/a green apple and a red suitcase_000690.png
70,color,a red apple and a green suitcase,tpscda,frozen,/root/compbench_work/images/tpscda/color/a red apple and a green suitcase_000700.png,/root/compbench_work/images/frozen/color/a red apple and a green suitcase_000700.png
71,color,a blue bowl and a red train,tpscda,frozen,/root/compbench_work/images/tpscda/color/a blue bowl and a red train_000710.png,/root/compbench_work/images/frozen/color/a blue bowl and a red train_000710.png
72,color,a red bowl and a blue train,tpscda,frozen,/root/compbench_work/images/tpscda/color/a red bowl and a blue train_000720.png,/root/compbench_work/images/frozen/color/a red bowl and a blue train_000720.png
73,color,a green bench and a red orange,tpscda,frozen,/root/compbench_work/images/tpscda/color/a green bench and a red orange_000730.png,/root/compbench_work/images/frozen/color/a green bench and a red orange_000730.png
74,color,a red bench and a green orange,tpscda,frozen,/root/compbench_work/images/tpscda/color/a red bench and a green orange_000740.png,/root/compbench_work/images/frozen/color/a red bench and a green orange_000740.png
75,color,a brown cat and a red orange,tpscda,frozen,/root/compbench_work/images/tpscda/color/a brown cat and a red orange_000750.png,/root/compbench_work/images/frozen/color/a brown cat and a red orange_000750.png
76,color,a red cat and a brown orange,tpscda,frozen,/root/compbench_work/images/tpscda/color/a red cat and a brown orange_000760.png,/root/compbench_work/images/frozen/color/a red cat and a brown orange_000760.png
77,color,a green apple and a red train,frozen,tpscda,/root/compbench_work/images/frozen/color/a green apple and a red train_000770.png,/root/compbench_work/images/tpscda/color/a green apple and a red train_000770.png
78,color,a red apple and a green train,tpscda,frozen,/root/compbench_work/images/tpscda/color/a red apple and a green train_000780.png,/root/compbench_work/images/frozen/color/a red apple and a green train_000780.png
79,color,a brown giraffe and a red train,frozen,tpscda,/root/compbench_work/images/frozen/color/a brown giraffe and a red train_000790.png,/root/compbench_work/images/tpscda/color/a brown giraffe and a red train_000790.png
80,color,a red giraffe and a brown train,frozen,tpscda,/root/compbench_work/images/frozen/color/a red giraffe and a brown train_000800.png,/root/compbench_work/images/tpscda/color/a red giraffe and a brown train_000800.png
81,color,a blue boat and a red suitcase,tpscda,frozen,/root/compbench_work/images/tpscda/color/a blue boat and a red suitcase_000810.png,/root/compbench_work/images/frozen/color/a blue boat and a red suitcase_000810.png
82,color,a red boat and a blue suitcase,frozen,tpscda,/root/compbench_work/images/frozen/color/a red boat and a blue suitcase_000820.png,/root/compbench_work/images/tpscda/color/a red boat and a blue suitcase_000820.png
83,color,a blue bowl and a brown horse,tpscda,frozen,/root/compbench_work/images/tpscda/color/a blue bowl and a brown horse_000830.png,/root/compbench_work/images/frozen/color/a blue bowl and a brown horse_000830.png
84,color,a brown bowl and a blue horse,tpscda,frozen,/root/compbench_work/images/tpscda/color/a brown bowl and a blue horse_000840.png,/root/compbench_work/images/frozen/color/a brown bowl and a blue horse_000840.png
85,color,a blue backpack and a red train,frozen,tpscda,/root/compbench_work/images/frozen/color/a blue backpack and a red train_000850.png,/root/compbench_work/images/tpscda/color/a blue backpack and a red train_000850.png
86,color,a red backpack and a blue train,frozen,tpscda,/root/compbench_work/images/frozen/color/a red backpack and a blue train_000860.png,/root/compbench_work/images/tpscda/color/a red backpack and a blue train_000860.png
87,color,a gold clock and a red orange,frozen,tpscda,/root/compbench_work/images/frozen/color/a gold clock and a red orange_000870.png,/root/compbench_work/images/tpscda/color/a gold clock and a red orange_000870.png
88,color,a red clock and a gold orange,frozen,tpscda,/root/compbench_work/images/frozen/color/a red clock and a gold orange_000880.png,/root/compbench_work/images/tpscda/color/a red clock and a gold orange_000880.png
89,color,a brown bear and a blue vase,frozen,tpscda,/root/compbench_work/images/frozen/color/a brown bear and a blue vase_000890.png,/root/compbench_work/images/tpscda/color/a brown bear and a blue vase_000890.png
90,color,a blue bear and a brown vase,tpscda,frozen,/root/compbench_work/images/tpscda/color/a blue bear and a brown vase_000900.png,/root/compbench_work/images/frozen/color/a blue bear and a brown vase_000900.png
91,color,a green apple and a brown elephant,tpscda,frozen,/root/compbench_work/images/tpscda/color/a green apple and a brown elephant_000910.png,/root/compbench_work/images/frozen/color/a green apple and a brown elephant_000910.png
92,color,a brown apple and a green elephant,frozen,tpscda,/root/compbench_work/images/frozen/color/a brown apple and a green elephant_000920.png,/root/compbench_work/images/tpscda/color/a brown apple and a green elephant_000920.png
93,color,a green banana and a brown bear,tpscda,frozen,/root/compbench_work/images/tpscda/color/a green banana and a brown bear_000930.png,/root/compbench_work/images/frozen/color/a green banana and a brown bear_000930.png
94,color,a brown banana and a green bear,frozen,tpscda,/root/compbench_work/images/frozen/color/a brown banana and a green bear_000940.png,/root/compbench_work/images/tpscda/color/a brown banana and a green bear_000940.png
95,color,a blue boat and a brown cat,frozen,tpscda,/root/compbench_work/images/frozen/color/a blue boat and a brown cat_000950.png,/root/compbench_work/images/tpscda/color/a blue boat and a brown cat_000950.png
96,color,a brown boat and a blue cat,frozen,tpscda,/root/compbench_work/images/frozen/color/a brown boat and a blue cat_000960.png,/root/compbench_work/images/tpscda/color/a brown boat and a blue cat_000960.png
97,color,a green banana and a blue boat,tpscda,frozen,/root/compbench_work/images/tpscda/color/a green banana and a blue boat_000970.png,/root/compbench_work/images/frozen/color/a green banana and a blue boat_000970.png
98,color,a blue banana and a green boat,tpscda,frozen,/root/compbench_work/images/tpscda/color/a blue banana and a green boat_000980.png,/root/compbench_work/images/frozen/color/a blue banana and a green boat_000980.png
99,color,a red car and a blue cup,tpscda,frozen,/root/compbench_work/images/tpscda/color/a red car and a blue cup_000990.png,/root/compbench_work/images/frozen/color/a red car and a blue cup_000990.png
100,color,a blue car and a red cup,frozen,tpscda,/root/compbench_work/images/frozen/color/a blue car and a red cup_001000.png,/root/compbench_work/images/tpscda/color/a blue car and a red cup_001000.png
101,color,a blue backpack and a red car,tpscda,frozen,/root/compbench_work/images/tpscda/color/a blue backpack and a red car_001010.png,/root/compbench_work/images/frozen/color/a blue backpack and a red car_001010.png
102,color,a red backpack and a blue car,frozen,tpscda,/root/compbench_work/images/frozen/color/a red backpack and a blue car_001020.png,/root/compbench_work/images/tpscda/color/a red backpack and a blue car_001020.png
103,color,a brown cow and a blue cup,tpscda,frozen,/root/compbench_work/images/tpscda/color/a brown cow and a blue cup_001030.png,/root/compbench_work/images/frozen/color/a brown cow and a blue cup_001030.png
104,color,a blue cow and a brown cup,tpscda,frozen,/root/compbench_work/images/tpscda/color/a blue cow and a brown cup_001040.png,/root/compbench_work/images/frozen/color/a blue cow and a brown cup_001040.png
105,color,a red train and a blue vase,frozen,tpscda,/root/compbench_work/images/frozen/color/a red train and a blue vase_001050.png,/root/compbench_work/images/tpscda/color/a red train and a blue vase_001050.png
106,color,a blue train and a red vase,frozen,tpscda,/root/compbench_work/images/frozen/color/a blue train and a red vase_001060.png,/root/compbench_work/images/tpscda/color/a blue train and a red vase_001060.png
107,color,a brown giraffe and a red orange,frozen,tpscda,/root/compbench_work/images/frozen/color/a brown giraffe and a red orange_001070.png,/root/compbench_work/images/tpscda/color/a brown giraffe and a red orange_001070.png
108,color,a red giraffe and a brown orange,tpscda,frozen,/root/compbench_work/images/tpscda/color/a red giraffe and a brown orange_001080.png,/root/compbench_work/images/frozen/color/a red giraffe and a brown orange_001080.png
109,color,a green banana and a brown cow,frozen,tpscda,/root/compbench_work/images/frozen/color/a green banana and a brown cow_001090.png,/root/compbench_work/images/tpscda/color/a green banana and a brown cow_001090.png
110,color,a brown banana and a green cow,tpscda,frozen,/root/compbench_work/images/tpscda/color/a brown banana and a green cow_001100.png,/root/compbench_work/images/frozen/color/a brown banana and a green cow_001100.png
111,color,a brown giraffe and a blue vase,tpscda,frozen,/root/compbench_work/images/tpscda/color/a brown giraffe and a blue vase_001110.png,/root/compbench_work/images/frozen/color/a brown giraffe and a blue vase_001110.png
112,color,a blue giraffe and a brown vase,tpscda,frozen,/root/compbench_work/images/tpscda/color/a blue giraffe and a brown vase_001120.png,/root/compbench_work/images/frozen/color/a blue giraffe and a brown vase_001120.png
113,color,a brown cow and a red suitcase,tpscda,frozen,/root/compbench_work/images/tpscda/color/a brown cow and a red suitcase_001130.png,/root/compbench_work/images/frozen/color/a brown cow and a red suitcase_001130.png
114,color,a red cow and a brown suitcase,tpscda,frozen,/root/compbench_work/images/tpscda/color/a red cow and a brown suitcase_001140.png,/root/compbench_work/images/frozen/color/a red cow and a brown suitcase_001140.png
115,color,a green apple and a blue cup,frozen,tpscda,/root/compbench_work/images/frozen/color/a green apple and a blue cup_001150.png,/root/compbench_work/images/tpscda/color/a green apple and a blue cup_001150.png
116,color,a blue apple and a green cup,frozen,tpscda,/root/compbench_work/images/frozen/color/a blue apple and a green cup_001160.png,/root/compbench_work/images/tpscda/color/a blue apple and a green cup_001160.png
117,color,a red book and a brown sheep,frozen,tpscda,/root/compbench_work/images/frozen/color/a red book and a brown sheep_001170.png,/root/compbench_work/images/tpscda/color/a red book and a brown sheep_001170.png
118,color,a brown book and a red sheep,frozen,tpscda,/root/compbench_work/images/frozen/color/a brown book and a red sheep_001180.png,/root/compbench_work/images/tpscda/color/a brown book and a red sheep_001180.png
119,color,a green banana and a brown giraffe,tpscda,frozen,/root/compbench_work/images/tpscda/color/a green banana and a brown giraffe_001190.png,/root/compbench_work/images/frozen/color/a green banana and a brown giraffe_001190.png
120,color,a brown banana and a green giraffe,frozen,tpscda,/root/compbench_work/images/frozen/color/a brown banana and a green giraffe_001200.png,/root/compbench_work/images/tpscda/color/a brown banana and a green giraffe_001200.png
121,color,a blue boat and a red book,tpscda,frozen,/root/compbench_work/images/tpscda/color/a blue boat and a red book_001210.png,/root/compbench_work/images/frozen/color/a blue boat and a red book_001210.png
122,color,a red boat and a blue book,tpscda,frozen,/root/compbench_work/images/tpscda/color/a red boat and a blue book_001220.png,/root/compbench_work/images/frozen/color/a red boat and a blue book_001220.png
123,color,a blue cup and a brown elephant,tpscda,frozen,/root/compbench_work/images/tpscda/color/a blue cup and a brown elephant_001230.png,/root/compbench_work/images/frozen/color/a blue cup and a brown elephant_001230.png
124,color,a brown cup and a blue elephant,tpscda,frozen,/root/compbench_work/images/tpscda/color/a brown cup and a blue elephant_001240.png,/root/compbench_work/images/frozen/color/a brown cup and a blue elephant_001240.png
125,color,a red chair and a brown sheep,frozen,tpscda,/root/compbench_work/images/frozen/color/a red chair and a brown sheep_001250.png,/root/compbench_work/images/tpscda/color/a red chair and a brown sheep_001250.png
126,color,a brown chair and a red sheep,tpscda,frozen,/root/compbench_work/images/tpscda/color/a brown chair and a red sheep_001260.png,/root/compbench_work/images/frozen/color/a brown chair and a red sheep_001260.png
127,color,a brown bear and a blue boat,frozen,tpscda,/root/compbench_work/images/frozen/color/a brown bear and a blue boat_001270.png,/root/compbench_work/images/tpscda/color/a brown bear and a blue boat_001270.png
128,color,a blue bear and a brown boat,tpscda,frozen,/root/compbench_work/images/tpscda/color/a blue bear and a brown boat_001280.png,/root/compbench_work/images/frozen/color/a blue bear and a brown boat_001280.png
129,color,a red car and a white sheep,tpscda,frozen,/root/compbench_work/images/tpscda/color/a red car and a white sheep_001290.png,/root/compbench_work/images/frozen/color/a red car and a white sheep_001290.png
130,color,a blue bird and a brown bear,frozen,tpscda,/root/compbench_work/images/frozen/color/a blue bird and a brown bear_001300.png,/root/compbench_work/images/tpscda/color/a blue bird and a brown bear_001300.png
131,color,a green apple and a black backpack,tpscda,frozen,/root/compbench_work/images/tpscda/color/a green apple and a black backpack_001310.png,/root/compbench_work/images/frozen/color/a green apple and a black backpack_001310.png
132,color,a green cup and a blue cell phone,tpscda,frozen,/root/compbench_work/images/tpscda/color/a green cup and a blue cell phone_001320.png,/root/compbench_work/images/frozen/color/a green cup and a blue cell phone_001320.png
133,color,a yellow book and a red vase,tpscda,frozen,/root/compbench_work/images/tpscda/color/a yellow book and a red vase_001330.png,/root/compbench_work/images/frozen/color/a yellow book and a red vase_001330.png
134,color,a white car and a red sheep,tpscda,frozen,/root/compbench_work/images/tpscda/color/a white car and a red sheep_001340.png,/root/compbench_work/images/frozen/color/a white car and a red sheep_001340.png
135,color,a brown bird and a blue bear,frozen,tpscda,/root/compbench_work/images/frozen/color/a brown bird and a blue bear_001350.png,/root/compbench_work/images/tpscda/color/a brown bird and a blue bear_001350.png
136,color,a black apple and a green backpack,tpscda,frozen,/root/compbench_work/images/tpscda/color/a black apple and a green backpack_001360.png,/root/compbench_work/images/frozen/color/a black apple and a green backpack_001360.png
137,color,a blue cup and a green cell phone,frozen,tpscda,/root/compbench_work/images/frozen/color/a blue cup and a green cell phone_001370.png,/root/compbench_work/images/tpscda/color/a blue cup and a green cell phone_001370.png
138,color,a red book and a yellow vase,tpscda,frozen,/root/compbench_work/images/tpscda/color/a red book and a yellow vase_001380.png,/root/compbench_work/images/frozen/color/a red book and a yellow vase_001380.png
139,color,a red apple and yellow bananas,frozen,tpscda,/root/compbench_work/images/frozen/color/a red apple and yellow bananas_001390.png,/root/compbench_work/images/tpscda/color/a red apple and yellow bananas_001390.png
140,color,a yellow apple and red bananas,tpscda,frozen,/root/compbench_work/images/tpscda/color/a yellow apple and red bananas_001400.png,/root/compbench_work/images/frozen/color/a yellow apple and red bananas_001400.png
141,color,a black hat and a red scarf,tpscda,frozen,/root/compbench_work/images/tpscda/color/a black hat and a red scarf_001410.png,/root/compbench_work/images/frozen/color/a black hat and a red scarf_001410.png
142,color,a red hat and a black scarf,frozen,tpscda,/root/compbench_work/images/frozen/color/a red hat and a black scarf_001420.png,/root/compbench_work/images/tpscda/color/a red hat and a black scarf_001420.png
143,color,a silver spoon and a blue plate,tpscda,frozen,/root/compbench_work/images/tpscda/color/a silver spoon and a blue plate_001430.png,/root/compbench_work/images/frozen/color/a silver spoon and a blue plate_001430.png
144,color,a yellow bus and a green tree,frozen,tpscda,/root/compbench_work/images/frozen/color/a yellow bus and a green tree_001440.png,/root/compbench_work/images/tpscda/color/a yellow bus and a green tree_001440.png
145,color,a green bus and a yellow tree,frozen,tpscda,/root/compbench_work/images/frozen/color/a green bus and a yellow tree_001450.png,/root/compbench_work/images/tpscda/color/a green bus and a yellow tree_001450.png
146,color,a red apple and a purple grape,tpscda,frozen,/root/compbench_work/images/tpscda/color/a red apple and a purple grape_001460.png,/root/compbench_work/images/frozen/color/a red apple and a purple grape_001460.png
147,color,a purple apple and a red grape,tpscda,frozen,/root/compbench_work/images/tpscda/color/a purple apple and a red grape_001470.png,/root/compbench_work/images/frozen/color/a purple apple and a red grape_001470.png
148,color,a white dove and a black feather,tpscda,frozen,/root/compbench_work/images/tpscda/color/a white dove and a black feather_001480.png,/root/compbench_work/images/frozen/color/a white dove and a black feather_001480.png
149,color,a black dove and a white feather,tpscda,frozen,/root/compbench_work/images/tpscda/color/a black dove and a white feather_001490.png,/root/compbench_work/images/frozen/color/a black dove and a white feather_001490.png
150,color,a brown acorn and a green leaf,frozen,tpscda,/root/compbench_work/images/frozen/color/a brown acorn and a green leaf_001500.png,/root/compbench_work/images/tpscda/color/a brown acorn and a green leaf_001500.png
151,color,a green acorn and a brown leaf,frozen,tpscda,/root/compbench_work/images/frozen/color/a green acorn and a brown leaf_001510.png,/root/compbench_work/images/tpscda/color/a green acorn and a brown leaf_001510.png
152,color,a red stop sign and a white line,frozen,tpscda,/root/compbench_work/images/frozen/color/a red stop sign and a white line_001520.png,/root/compbench_work/images/tpscda/color/a red stop sign and a white line_001520.png
153,color,a stop sign and red white line,frozen,tpscda,/root/compbench_work/images/frozen/color/a stop sign and red white line_001530.png,/root/compbench_work/images/tpscda/color/a stop sign and red white line_001530.png
154,color,a black cat and a brown mouse,tpscda,frozen,/root/compbench_work/images/tpscda/color/a black cat and a brown mouse_001540.png,/root/compbench_work/images/frozen/color/a black cat and a brown mouse_001540.png
155,color,a brown cat and a black mouse,frozen,tpscda,/root/compbench_work/images/frozen/color/a brown cat and a black mouse_001550.png,/root/compbench_work/images/tpscda/color/a brown cat and a black mouse_001550.png
156,color,a blue pen and a yellow highlighter,tpscda,frozen,/root/compbench_work/images/tpscda/color/a blue pen and a yellow highlighter_001560.png,/root/compbench_work/images/frozen/color/a blue pen and a yellow highlighter_001560.png
157,color,a yellow pen and a blue highlighter,tpscda,frozen,/root/compbench_work/images/tpscda/color/a yellow pen and a blue highlighter_001570.png,/root/compbench_work/images/frozen/color/a yellow pen and a blue highlighter_001570.png
158,color,a black moon and a white sky,frozen,tpscda,/root/compbench_work/images/frozen/color/a black moon and a white sky_001580.png,/root/compbench_work/images/tpscda/color/a black moon and a white sky_001580.png
159,color,a yellow pencil and a blue notebook,frozen,tpscda,/root/compbench_work/images/frozen/color/a yellow pencil and a blue notebook_001590.png,/root/compbench_work/images/tpscda/color/a yellow pencil and a blue notebook_001590.png
160,color,a green leaf and a yellow flower,frozen,tpscda,/root/compbench_work/images/frozen/color/a green leaf and a yellow flower_001600.png,/root/compbench_work/images/tpscda/color/a green leaf and a yellow flower_001600.png
161,color,a yellow leaf and a green flower,tpscda,frozen,/root/compbench_work/images/tpscda/color/a yellow leaf and a green flower_001610.png,/root/compbench_work/images/frozen/color/a yellow leaf and a green flower_001610.png
162,color,a black cat and a white paw,tpscda,frozen,/root/compbench_work/images/tpscda/color/a black cat and a white paw_001620.png,/root/compbench_work/images/frozen/color/a black cat and a white paw_001620.png
163,color,a white cat and a black paw,frozen,tpscda,/root/compbench_work/images/frozen/color/a white cat and a black paw_001630.png,/root/compbench_work/images/tpscda/color/a white cat and a black paw_001630.png
164,color,a yellow duck and a blue pond,frozen,tpscda,/root/compbench_work/images/frozen/color/a yellow duck and a blue pond_001640.png,/root/compbench_work/images/tpscda/color/a yellow duck and a blue pond_001640.png
165,color,a green frog and a brown pond,tpscda,frozen,/root/compbench_work/images/tpscda/color/a green frog and a brown pond_001650.png,/root/compbench_work/images/frozen/color/a green frog and a brown pond_001650.png
166,color,a brown frog and a green pond,frozen,tpscda,/root/compbench_work/images/frozen/color/a brown frog and a green pond_001660.png,/root/compbench_work/images/tpscda/color/a brown frog and a green pond_001660.png
167,color,a yellow sun and a red sunset,tpscda,frozen,/root/compbench_work/images/tpscda/color/a yellow sun and a red sunset_001670.png,/root/compbench_work/images/frozen/color/a yellow sun and a red sunset_001670.png
168,color,a red sun and a yellow sunset,frozen,tpscda,/root/compbench_work/images/frozen/color/a red sun and a yellow sunset_001680.png,/root/compbench_work/images/tpscda/color/a red sun and a yellow sunset_001680.png
169,color,a blue pen and a black ink,tpscda,frozen,/root/compbench_work/images/tpscda/color/a blue pen and a black ink_001690.png,/root/compbench_work/images/frozen/color/a blue pen and a black ink_001690.png
170,color,a black pen and a blue ink,frozen,tpscda,/root/compbench_work/images/frozen/color/a black pen and a blue ink_001700.png,/root/compbench_work/images/tpscda/color/a black pen and a blue ink_001700.png
171,color,a green grass and a yellow dandelion,frozen,tpscda,/root/compbench_work/images/frozen/color/a green grass and a yellow dandelion_001710.png,/root/compbench_work/images/tpscda/color/a green grass and a yellow dandelion_001710.png
172,color,a yellow grass and a green dandelion,frozen,tpscda,/root/compbench_work/images/frozen/color/a yellow grass and a green dandelion_001720.png,/root/compbench_work/images/tpscda/color/a yellow grass and a green dandelion_001720.png
173,color,a black cat and a gray mouse,tpscda,frozen,/root/compbench_work/images/tpscda/color/a black cat and a gray mouse_001730.png,/root/compbench_work/images/frozen/color/a black cat and a gray mouse_001730.png
174,color,a gray cat and a black mouse,tpscda,frozen,/root/compbench_work/images/tpscda/color/a gray cat and a black mouse_001740.png,/root/compbench_work/images/frozen/color/a gray cat and a black mouse_001740.png
175,color,a red apple and a yellow pear,frozen,tpscda,/root/compbench_work/images/frozen/color/a red apple and a yellow pear_001750.png,/root/compbench_work/images/tpscda/color/a red apple and a yellow pear_001750.png
176,color,a yellow apple and a red pear,frozen,tpscda,/root/compbench_work/images/frozen/color/a yellow apple and a red pear_001760.png,/root/compbench_work/images/tpscda/color/a yellow apple and a red pear_001760.png
177,color,a white snow and a blue sled,frozen,tpscda,/root/compbench_work/images/frozen/color/a white snow and a blue sled_001770.png,/root/compbench_work/images/tpscda/color/a white snow and a blue sled_001770.png
178,color,a blue snow and a white sled,tpscda,frozen,/root/compbench_work/images/tpscda/color/a blue snow and a white sled_001780.png,/root/compbench_work/images/frozen/color/a blue snow and a white sled_001780.png
179,color,a green frog and a yellow fly,frozen,tpscda,/root/compbench_work/images/frozen/color/a green frog and a yellow fly_001790.png,/root/compbench_work/images/tpscda/color/a green frog and a yellow fly_001790.png
180,color,a yellow frog and a green fly,tpscda,frozen,/root/compbench_work/images/tpscda/color/a yellow frog and a green fly_001800.png,/root/compbench_work/images/frozen/color/a yellow frog and a green fly_001800.png
181,color,a yellow pencil and a red eraser,frozen,tpscda,/root/compbench_work/images/frozen/color/a yellow pencil and a red eraser_001810.png,/root/compbench_work/images/tpscda/color/a yellow pencil and a red eraser_001810.png
182,color,a red pencil and a yellow eraser,frozen,tpscda,/root/compbench_work/images/frozen/color/a red pencil and a yellow eraser_001820.png,/root/compbench_work/images/tpscda/color/a red pencil and a yellow eraser_001820.png
183,color,a black cat and a white whisker,tpscda,frozen,/root/compbench_work/images/tpscda/color/a black cat and a white whisker_001830.png,/root/compbench_work/images/frozen/color/a black cat and a white whisker_001830.png
184,color,a white cat and a black whisker,tpscda,frozen,/root/compbench_work/images/tpscda/color/a white cat and a black whisker_001840.png,/root/compbench_work/images/frozen/color/a white cat and a black whisker_001840.png
185,color,a brown tree and a green grass,tpscda,frozen,/root/compbench_work/images/tpscda/color/a brown tree and a green grass_001850.png,/root/compbench_work/images/frozen/color/a brown tree and a green grass_001850.png
186,color,a green tree and a brown grass,frozen,tpscda,/root/compbench_work/images/frozen/color/a green tree and a brown grass_001860.png,/root/compbench_work/images/tpscda/color/a green tree and a brown grass_001860.png
187,color,a red rose and a white carnation,tpscda,frozen,/root/compbench_work/images/tpscda/color/a red rose and a white carnation_001870.png,/root/compbench_work/images/frozen/color/a red rose and a white carnation_001870.png
188,color,a white rose and a red carnation,frozen,tpscda,/root/compbench_work/images/frozen/color/a white rose and a red carnation_001880.png,/root/compbench_work/images/tpscda/color/a white rose and a red carnation_001880.png
189,color,a white cloud and a black sky,frozen,tpscda,/root/compbench_work/images/frozen/color/a white cloud and a black sky_001890.png,/root/compbench_work/images/tpscda/color/a white cloud and a black sky_001890.png
190,color,a black cloud and a white sky,frozen,tpscda,/root/compbench_work/images/frozen/color/a black cloud and a white sky_001900.png,/root/compbench_work/images/tpscda/color/a black cloud and a white sky_001900.png
191,color,a green leaf and a yellow butterfly,frozen,tpscda,/root/compbench_work/images/frozen/color/a green leaf and a yellow butterfly_001910.png,/root/compbench_work/images/tpscda/color/a green leaf and a yellow butterfly_001910.png
192,color,a yellow leaf and a green butterfly,tpscda,frozen,/root/compbench_work/images/tpscda/color/a yellow leaf and a green butterfly_001920.png,/root/compbench_work/images/frozen/color/a yellow leaf and a green butterfly_001920.png
193,color,a red tomato and a yellow pepper,frozen,tpscda,/root/compbench_work/images/frozen/color/a red tomato and a yellow pepper_001930.png,/root/compbench_work/images/tpscda/color/a red tomato and a yellow pepper_001930.png
194,color,a yellow tomato and a red pepper,tpscda,frozen,/root/compbench_work/images/tpscda/color/a yellow tomato and a red pepper_001940.png,/root/compbench_work/images/frozen/color/a yellow tomato and a red pepper_001940.png
195,color,a red apple and a green kiwi,frozen,tpscda,/root/compbench_work/images/frozen/color/a red apple and a green kiwi_001950.png,/root/compbench_work/images/tpscda/color/a red apple and a green kiwi_001950.png
196,color,a green apple and a red kiwi,frozen,tpscda,/root/compbench_work/images/frozen/color/a green apple and a red kiwi_001960.png,/root/compbench_work/images/tpscda/color/a green apple and a red kiwi_001960.png
197,color,a white piano and a black bench,tpscda,frozen,/root/compbench_work/images/tpscda/color/a white piano and a black bench_001970.png,/root/compbench_work/images/frozen/color/a white piano and a black bench_001970.png
198,color,a black piano and a white bench,frozen,tpscda,/root/compbench_work/images/frozen/color/a black piano and a white bench_001980.png,/root/compbench_work/images/tpscda/color/a black piano and a white bench_001980.png
199,color,a brown jacket and a black hat,frozen,tpscda,/root/compbench_work/images/frozen/color/a brown jacket and a black hat_001990.png,/root/compbench_work/images/tpscda/color/a brown jacket and a black hat_001990.png
